user_id,experiment_group,channel,sex,age,city_tier,reg_date,win_orders,win_gmv,coupon_cost
1,B,社交媒体,男,29,1,2025-07-06,0,0.00,0.00
2,A,社交媒体,女,52,2,2025-07-25,0,0.00,0.00
4,B,信息流广告,男,18,1,2025-06-27,0,0.00,0.00
5,A,信息流广告,女,41,1,2025-07-30,0,0.00,0.00
8,B,短信/邮件营销,男,32,3,2025-06-22,0,0.00,0.00
13,B,直接访问,男,25,4,2025-06-19,1,101.00,0.00
15,A,自然搜索,女,24,1,2025-07-09,0,0.00,0.00
16,B,自然搜索,女,49,3,2025-07-18,0,0.00,0.00
17,B,社交媒体,女,43,3,2025-07-27,1,47.59,8.41
19,A,信息流广告,男,53,1,2025-06-10,0,0.00,0.00
21,A,信息流广告,女,30,2,2025-07-01,0,0.00,0.00
23,A,信息流广告,男,34,3,2025-07-06,0,0.00,0.00
24,A,社交媒体,女,20,2,2025-07-01,0,0.00,0.00
35,A,自然搜索,男,19,1,2025-06-10,0,0.00,0.00
39,B,信息流广告,女,25,1,2025-07-20,0,0.00,0.00
41,A,信息流广告,女,25,1,2025-07-07,0,0.00,0.00
42,A,自然搜索,女,43,2,2025-06-05,0,0.00,0.00
47,A,自然搜索,女,38,4,2025-07-24,0,0.00,0.00
49,A,自然搜索,男,43,1,2025-07-15,0,0.00,0.00
50,B,信息流广告,女,27,2,2025-07-05,0,0.00,0.00
52,A,信息流广告,男,38,2,2025-06-28,0,0.00,0.00
54,A,信息流广告,男,40,3,2025-07-25,0,0.00,0.00
55,A,自然搜索,女,30,1,2025-07-04,0,0.00,0.00
56,B,信息流广告,女,26,2,2025-07-16,0,0.00,0.00
62,B,信息流广告,女,19,1,2025-07-07,0,0.00,0.00
63,B,自然搜索,男,19,4,2025-07-16,0,0.00,0.00
68,B,信息流广告,男,29,2,2025-07-23,0,0.00,0.00
69,B,信息流广告,女,22,1,2025-06-17,0,0.00,0.00
70,B,短信/邮件营销,女,37,1,2025-06-12,0,0.00,0.00
71,B,直接访问,女,22,4,2025-07-17,0,0.00,0.00
72,B,社交媒体,男,20,2,2025-07-01,0,0.00,0.00
74,B,社交媒体,男,39,2,2025-06-04,0,0.00,0.00
77,A,社交媒体,女,31,1,2025-06-02,0,0.00,0.00
82,B,自然搜索,女,50,3,2025-07-03,0,0.00,0.00
83,A,信息流广告,男,37,1,2025-07-22,0,0.00,0.00
84,A,信息流广告,女,19,2,2025-06-23,0,0.00,0.00
85,A,社交媒体,男,50,2,2025-07-22,0,0.00,0.00
90,B,信息流广告,女,38,2,2025-07-29,0,0.00,0.00
91,A,直接访问,女,24,2,2025-06-29,0,0.00,0.00
94,B,社交媒体,男,29,1,2025-06-27,0,0.00,0.00
96,B,信息流广告,女,40,1,2025-07-30,0,0.00,0.00
98,A,自然搜索,男,38,2,2025-07-31,0,0.00,0.00
104,A,信息流广告,女,32,4,2025-07-12,0,0.00,0.00
106,B,信息流广告,男,50,3,2025-07-15,0,0.00,0.00
110,B,自然搜索,女,25,3,2025-07-03,0,0.00,0.00
112,B,信息流广告,男,46,1,2025-07-07,0,0.00,0.00
113,B,自然搜索,女,44,3,2025-06-18,0,0.00,0.00
115,A,信息流广告,女,44,2,2025-06-23,0,0.00,0.00
121,B,自然搜索,女,29,3,2025-06-04,1,75.03,13.97
123,B,社交媒体,男,24,2,2025-07-14,0,0.00,0.00
125,B,社交媒体,女,48,2,2025-07-03,0,0.00,0.00
127,A,直接访问,女,33,2,2025-07-14,0,0.00,0.00
128,A,信息流广告,女,19,2,2025-07-27,0,0.00,0.00
130,A,直接访问,女,41,2,2025-06-28,1,106.00,0.00
131,B,信息流广告,男,37,3,2025-06-04,0,0.00,0.00
132,A,短信/邮件营销,女,19,4,2025-07-01,0,0.00,0.00
137,B,社交媒体,女,31,3,2025-07-02,0,0.00,0.00
139,B,短信/邮件营销,男,25,3,2025-06-25,0,0.00,0.00
140,B,自然搜索,男,18,1,2025-07-22,0,0.00,0.00
142,A,信息流广告,女,26,2,2025-07-26,0,0.00,0.00
145,A,信息流广告,女,47,1,2025-07-10,0,0.00,0.00
146,B,自然搜索,男,41,3,2025-06-18,0,0.00,0.00
149,A,自然搜索,男,35,4,2025-07-07,0,0.00,0.00
150,B,信息流广告,女,31,2,2025-07-04,0,0.00,0.00
155,B,短信/邮件营销,男,49,1,2025-06-22,0,0.00,0.00
168,B,信息流广告,女,61,2,2025-07-24,0,0.00,0.00
171,B,短信/邮件营销,男,19,2,2025-07-13,0,0.00,0.00
175,A,自然搜索,男,22,1,2025-07-24,0,0.00,0.00
179,A,短信/邮件营销,女,41,1,2025-06-08,0,0.00,0.00
188,A,短信/邮件营销,女,30,1,2025-07-20,0,0.00,0.00
191,A,社交媒体,女,32,3,2025-07-31,0,0.00,0.00
192,B,信息流广告,男,25,1,2025-06-27,0,0.00,0.00
195,A,自然搜索,女,41,2,2025-06-13,0,0.00,0.00
196,A,短信/邮件营销,女,43,1,2025-07-04,0,0.00,0.00
197,A,社交媒体,女,24,3,2025-07-19,0,0.00,0.00
201,B,自然搜索,男,31,2,2025-07-21,0,0.00,0.00
206,B,信息流广告,男,31,1,2025-07-21,0,0.00,0.00
207,A,自然搜索,男,40,1,2025-06-13,0,0.00,0.00
208,A,社交媒体,女,30,1,2025-06-10,1,46.00,0.00
211,B,社交媒体,女,51,2,2025-06-13,0,0.00,0.00
220,B,短信/邮件营销,男,41,2,2025-07-27,0,0.00,0.00
221,B,自然搜索,男,23,2,2025-06-09,0,0.00,0.00
222,A,信息流广告,女,23,4,2025-06-22,0,0.00,0.00
223,B,短信/邮件营销,女,38,2,2025-06-16,1,346.00,0.00
224,A,信息流广告,男,60,4,2025-07-16,0,0.00,0.00
225,A,短信/邮件营销,女,21,2,2025-06-12,0,0.00,0.00
232,A,社交媒体,男,27,3,2025-07-23,0,0.00,0.00
233,B,信息流广告,男,29,2,2025-06-14,0,0.00,0.00
234,B,短信/邮件营销,男,59,2,2025-07-04,0,0.00,0.00
235,A,信息流广告,女,42,1,2025-07-09,0,0.00,0.00
240,A,信息流广告,男,20,2,2025-06-13,0,0.00,0.00
242,A,自然搜索,女,36,4,2025-07-18,1,81.00,0.00
245,A,信息流广告,男,41,2,2025-06-23,0,0.00,0.00
247,A,社交媒体,女,44,3,2025-06-03,0,0.00,0.00
250,A,社交媒体,男,29,3,2025-06-22,0,0.00,0.00
252,A,短信/邮件营销,女,27,4,2025-06-18,1,22.00,0.00
253,A,自然搜索,女,37,1,2025-07-16,0,0.00,0.00
258,A,信息流广告,女,58,2,2025-06-27,0,0.00,0.00
260,B,自然搜索,女,30,1,2025-07-15,0,0.00,0.00
261,B,信息流广告,男,37,2,2025-06-29,0,0.00,0.00
262,B,社交媒体,男,36,2,2025-07-07,0,0.00,0.00
263,B,自然搜索,男,22,2,2025-07-09,0,0.00,0.00
267,B,信息流广告,男,34,3,2025-06-17,0,0.00,0.00
269,A,信息流广告,男,42,3,2025-06-10,0,0.00,0.00
271,B,自然搜索,男,19,2,2025-07-05,0,0.00,0.00
274,A,社交媒体,女,47,1,2025-07-27,0,0.00,0.00
275,B,信息流广告,女,31,3,2025-06-25,0,0.00,0.00
276,B,信息流广告,男,38,2,2025-07-22,0,0.00,0.00
279,B,信息流广告,女,24,2,2025-07-20,0,0.00,0.00
280,A,自然搜索,女,53,1,2025-06-12,0,0.00,0.00
284,A,自然搜索,男,18,1,2025-07-31,0,0.00,0.00
286,B,信息流广告,男,22,3,2025-06-14,0,0.00,0.00
287,B,信息流广告,男,37,2,2025-06-14,0,0.00,0.00
290,A,社交媒体,女,38,1,2025-07-07,0,0.00,0.00
292,A,短信/邮件营销,男,30,4,2025-06-12,0,0.00,0.00
295,A,信息流广告,女,54,3,2025-07-13,0,0.00,0.00
298,B,直接访问,男,42,2,2025-06-11,0,0.00,0.00
303,A,信息流广告,女,40,3,2025-06-05,0,0.00,0.00
307,B,自然搜索,男,29,1,2025-07-25,0,0.00,0.00
309,B,信息流广告,女,41,2,2025-06-03,0,0.00,0.00
313,A,短信/邮件营销,男,18,4,2025-06-07,0,0.00,0.00
314,B,自然搜索,女,41,2,2025-07-10,0,0.00,0.00
315,A,短信/邮件营销,女,30,3,2025-07-31,0,0.00,0.00
321,B,信息流广告,女,28,4,2025-07-03,0,0.00,0.00
322,B,社交媒体,女,44,3,2025-07-26,0,0.00,0.00
323,A,信息流广告,男,21,1,2025-07-11,0,0.00,0.00
326,A,自然搜索,男,28,1,2025-07-12,0,0.00,0.00
327,A,直接访问,男,38,2,2025-07-01,0,0.00,0.00
328,A,信息流广告,男,41,2,2025-06-26,0,0.00,0.00
337,B,自然搜索,女,51,1,2025-07-20,0,0.00,0.00
339,A,短信/邮件营销,女,31,2,2025-06-29,0,0.00,0.00
343,B,自然搜索,女,36,1,2025-07-08,0,0.00,0.00
344,A,短信/邮件营销,男,26,1,2025-07-08,0,0.00,0.00
347,B,信息流广告,男,25,1,2025-07-09,1,51.00,0.00
348,A,社交媒体,男,61,2,2025-06-11,0,0.00,0.00
352,B,社交媒体,女,26,4,2025-06-25,0,0.00,0.00
356,B,自然搜索,男,36,1,2025-07-01,0,0.00,0.00
357,A,信息流广告,男,37,2,2025-07-19,0,0.00,0.00
358,A,信息流广告,女,29,2,2025-07-25,0,0.00,0.00
363,A,社交媒体,男,36,4,2025-06-26,0,0.00,0.00
367,A,信息流广告,女,33,3,2025-07-09,0,0.00,0.00
373,A,信息流广告,男,23,1,2025-06-12,0,0.00,0.00
376,A,信息流广告,女,39,2,2025-06-21,0,0.00,0.00
377,A,信息流广告,女,60,3,2025-07-13,0,0.00,0.00
378,A,自然搜索,女,45,1,2025-06-26,0,0.00,0.00
383,B,短信/邮件营销,女,33,4,2025-06-05,0,0.00,0.00
388,A,自然搜索,女,36,2,2025-07-20,1,219.00,0.00
389,B,直接访问,男,26,2,2025-06-17,0,0.00,0.00
396,B,直接访问,男,18,3,2025-07-16,0,0.00,0.00
405,B,直接访问,男,22,1,2025-06-27,0,0.00,0.00
406,B,自然搜索,女,31,3,2025-07-06,0,0.00,0.00
408,A,短信/邮件营销,女,32,2,2025-06-30,0,0.00,0.00
410,B,自然搜索,女,19,2,2025-06-22,0,0.00,0.00
416,B,直接访问,女,40,1,2025-06-09,0,0.00,0.00
418,A,短信/邮件营销,女,27,2,2025-06-15,0,0.00,0.00
420,A,直接访问,男,21,1,2025-06-30,0,0.00,0.00
426,A,信息流广告,男,31,3,2025-07-06,0,0.00,0.00
427,B,自然搜索,女,27,2,2025-07-17,0,0.00,0.00
433,A,信息流广告,男,21,1,2025-07-25,0,0.00,0.00
435,A,社交媒体,男,32,3,2025-06-14,0,0.00,0.00
443,A,社交媒体,女,60,4,2025-06-26,0,0.00,0.00
447,B,自然搜索,女,24,2,2025-06-23,0,0.00,0.00
452,A,自然搜索,女,43,3,2025-06-24,0,0.00,0.00
453,B,自然搜索,女,39,3,2025-06-04,1,303.00,0.00
461,A,信息流广告,女,24,2,2025-06-26,0,0.00,0.00
464,A,信息流广告,男,21,3,2025-07-24,0,0.00,0.00
465,B,社交媒体,女,27,1,2025-07-29,1,70.03,9.97
467,A,社交媒体,男,40,2,2025-07-29,0,0.00,0.00
469,A,信息流广告,女,23,2,2025-06-16,0,0.00,0.00
472,A,自然搜索,男,42,2,2025-07-16,0,0.00,0.00
474,A,自然搜索,女,59,3,2025-07-27,0,0.00,0.00
482,B,信息流广告,男,41,2,2025-06-13,0,0.00,0.00
483,B,信息流广告,女,30,2,2025-07-06,0,0.00,0.00
486,B,信息流广告,男,49,2,2025-06-30,0,0.00,0.00
489,A,信息流广告,女,33,2,2025-06-12,0,0.00,0.00
490,A,自然搜索,男,28,4,2025-06-06,0,0.00,0.00
491,B,自然搜索,男,20,3,2025-07-07,0,0.00,0.00
494,A,社交媒体,男,50,4,2025-06-27,0,0.00,0.00
496,A,短信/邮件营销,男,34,1,2025-06-17,1,107.00,0.00
500,B,社交媒体,女,30,2,2025-07-20,0,0.00,0.00
504,B,社交媒体,女,30,2,2025-06-05,1,106.00,0.00
508,B,信息流广告,男,27,2,2025-06-30,0,0.00,0.00
509,B,短信/邮件营销,男,29,1,2025-07-31,0,0.00,0.00
512,A,社交媒体,男,18,2,2025-07-31,0,0.00,0.00
513,B,社交媒体,男,44,2,2025-07-24,0,0.00,0.00
516,A,自然搜索,女,18,4,2025-06-10,0,0.00,0.00
517,B,信息流广告,女,20,1,2025-06-07,0,0.00,0.00
526,B,社交媒体,女,35,1,2025-07-17,0,0.00,0.00
528,A,自然搜索,女,33,4,2025-07-01,0,0.00,0.00
529,B,短信/邮件营销,男,41,2,2025-06-17,0,0.00,0.00
531,B,直接访问,女,27,4,2025-06-16,0,0.00,0.00
532,A,信息流广告,女,58,2,2025-06-13,1,214.00,0.00
535,B,自然搜索,男,43,2,2025-06-03,0,0.00,0.00
537,A,直接访问,男,58,3,2025-07-24,0,0.00,0.00
541,A,自然搜索,男,44,1,2025-06-22,1,57.00,0.00
543,A,信息流广告,女,42,4,2025-07-22,0,0.00,0.00
547,A,信息流广告,女,24,2,2025-07-06,0,0.00,0.00
549,A,短信/邮件营销,女,20,2,2025-07-11,0,0.00,0.00
553,A,信息流广告,男,28,3,2025-06-21,0,0.00,0.00
556,A,社交媒体,男,19,4,2025-07-28,0,0.00,0.00
557,B,社交媒体,女,40,2,2025-07-31,0,0.00,0.00
560,A,短信/邮件营销,女,18,4,2025-07-10,0,0.00,0.00
563,A,短信/邮件营销,女,20,2,2025-06-21,0,0.00,0.00
565,A,自然搜索,男,30,1,2025-06-08,0,0.00,0.00
566,B,社交媒体,女,31,2,2025-06-30,0,0.00,0.00
571,B,信息流广告,男,47,3,2025-06-30,0,0.00,0.00
574,A,社交媒体,女,33,2,2025-06-02,0,0.00,0.00
577,A,自然搜索,男,27,2,2025-06-04,0,0.00,0.00
579,B,信息流广告,女,21,2,2025-07-14,0,0.00,0.00
581,B,社交媒体,女,34,2,2025-07-29,0,0.00,0.00
582,A,自然搜索,女,29,2,2025-06-12,0,0.00,0.00
588,B,社交媒体,女,27,2,2025-06-12,0,0.00,0.00
589,A,信息流广告,女,61,2,2025-06-11,0,0.00,0.00
594,B,短信/邮件营销,男,25,3,2025-07-15,0,0.00,0.00
602,A,社交媒体,男,39,1,2025-06-10,0,0.00,0.00
605,A,信息流广告,女,18,2,2025-06-14,0,0.00,0.00
606,A,信息流广告,女,48,2,2025-06-04,0,0.00,0.00
608,B,自然搜索,女,34,2,2025-07-19,0,0.00,0.00
610,B,信息流广告,女,42,4,2025-06-25,0,0.00,0.00
616,B,信息流广告,男,41,2,2025-06-12,0,0.00,0.00
619,B,社交媒体,男,34,2,2025-06-09,0,0.00,0.00
620,B,直接访问,女,33,1,2025-06-19,0,0.00,0.00
622,B,短信/邮件营销,女,41,3,2025-07-07,0,0.00,0.00
623,A,短信/邮件营销,男,50,2,2025-06-09,1,108.00,0.00
627,B,信息流广告,女,27,2,2025-07-28,0,0.00,0.00
628,B,短信/邮件营销,女,31,2,2025-06-18,0,0.00,0.00
630,A,直接访问,女,58,3,2025-06-27,0,0.00,0.00
635,A,信息流广告,女,26,2,2025-07-18,0,0.00,0.00
642,B,自然搜索,女,26,4,2025-07-07,0,0.00,0.00
645,B,社交媒体,男,38,2,2025-06-07,1,77.33,8.67
646,A,社交媒体,男,41,2,2025-07-26,0,0.00,0.00
647,A,信息流广告,男,23,1,2025-06-22,0,0.00,0.00
648,B,自然搜索,女,28,3,2025-06-04,0,0.00,0.00
653,B,直接访问,女,28,3,2025-06-24,0,0.00,0.00
654,A,信息流广告,男,27,3,2025-06-03,0,0.00,0.00
657,B,自然搜索,男,57,1,2025-07-07,0,0.00,0.00
663,B,自然搜索,女,22,4,2025-06-07,0,0.00,0.00
664,A,自然搜索,男,40,1,2025-06-21,0,0.00,0.00
666,B,自然搜索,男,22,3,2025-07-27,0,0.00,0.00
674,A,短信/邮件营销,男,44,4,2025-07-03,0,0.00,0.00
675,A,自然搜索,男,29,2,2025-06-26,0,0.00,0.00
678,B,社交媒体,女,39,3,2025-06-05,0,0.00,0.00
679,A,社交媒体,女,41,4,2025-06-24,0,0.00,0.00
681,A,信息流广告,男,40,4,2025-07-17,0,0.00,0.00
682,A,信息流广告,女,34,4,2025-06-25,0,0.00,0.00
686,A,信息流广告,男,38,1,2025-06-06,0,0.00,0.00
688,A,社交媒体,女,23,2,2025-06-19,1,215.00,0.00
689,A,自然搜索,女,30,3,2025-07-31,0,0.00,0.00
695,A,直接访问,女,21,2,2025-06-05,0,0.00,0.00
697,A,直接访问,女,33,3,2025-07-30,0,0.00,0.00
704,B,社交媒体,女,27,1,2025-07-25,0,0.00,0.00
706,B,短信/邮件营销,男,39,4,2025-07-23,0,0.00,0.00
708,B,信息流广告,女,31,1,2025-06-06,0,0.00,0.00
709,A,信息流广告,男,59,1,2025-06-21,0,0.00,0.00
716,A,自然搜索,女,59,1,2025-07-29,0,0.00,0.00
723,B,信息流广告,女,39,3,2025-06-12,0,0.00,0.00
727,B,直接访问,女,36,2,2025-07-08,1,107.67,14.33
730,A,信息流广告,女,42,3,2025-06-25,0,0.00,0.00
732,A,社交媒体,女,31,2,2025-07-06,0,0.00,0.00
733,B,直接访问,女,41,1,2025-06-16,0,0.00,0.00
739,B,自然搜索,男,43,1,2025-07-21,0,0.00,0.00
742,A,自然搜索,女,30,2,2025-06-30,0,0.00,0.00
743,A,自然搜索,男,38,1,2025-06-09,0,0.00,0.00
745,B,信息流广告,男,44,2,2025-06-27,0,0.00,0.00
748,A,社交媒体,男,33,2,2025-06-28,0,0.00,0.00
749,A,短信/邮件营销,男,23,1,2025-06-22,0,0.00,0.00
755,A,自然搜索,女,34,4,2025-06-07,0,0.00,0.00
756,A,短信/邮件营销,女,35,1,2025-06-30,1,47.00,0.00
759,B,自然搜索,男,33,3,2025-06-28,0,0.00,0.00
761,A,短信/邮件营销,女,36,4,2025-07-31,0,0.00,0.00
767,B,自然搜索,男,44,3,2025-07-31,0,0.00,0.00
768,A,信息流广告,男,48,3,2025-06-26,0,0.00,0.00
770,B,社交媒体,男,52,3,2025-07-18,0,0.00,0.00
772,A,自然搜索,男,20,2,2025-06-06,0,0.00,0.00
774,B,直接访问,男,29,2,2025-07-31,0,0.00,0.00
779,A,直接访问,男,48,3,2025-06-02,0,0.00,0.00
780,A,短信/邮件营销,男,44,1,2025-06-30,0,0.00,0.00
782,B,自然搜索,男,51,1,2025-07-18,0,0.00,0.00
787,B,信息流广告,女,31,1,2025-07-24,0,0.00,0.00
789,B,直接访问,女,39,1,2025-06-26,1,327.87,18.13
797,A,短信/邮件营销,男,30,2,2025-06-06,0,0.00,0.00
799,A,信息流广告,男,23,3,2025-06-04,0,0.00,0.00
800,B,自然搜索,女,25,3,2025-07-15,0,0.00,0.00
804,B,直接访问,女,31,1,2025-07-31,0,0.00,0.00
808,A,短信/邮件营销,男,23,2,2025-07-12,0,0.00,0.00
813,B,社交媒体,男,18,3,2025-07-20,0,0.00,0.00
815,B,自然搜索,女,31,1,2025-06-06,0,0.00,0.00
821,B,自然搜索,男,26,2,2025-07-21,0,0.00,0.00
828,B,短信/邮件营销,男,32,3,2025-07-30,0,0.00,0.00
829,A,自然搜索,男,60,1,2025-06-26,0,0.00,0.00
830,A,直接访问,女,27,4,2025-06-22,0,0.00,0.00
834,B,短信/邮件营销,女,24,4,2025-07-11,0,0.00,0.00
836,A,自然搜索,女,43,2,2025-06-26,0,0.00,0.00
838,B,自然搜索,女,37,3,2025-06-14,0,0.00,0.00
839,A,社交媒体,男,42,3,2025-06-27,0,0.00,0.00
842,A,直接访问,女,18,2,2025-06-29,0,0.00,0.00
849,A,直接访问,男,43,2,2025-07-28,0,0.00,0.00
852,A,信息流广告,男,61,4,2025-06-25,0,0.00,0.00
853,A,信息流广告,男,37,3,2025-06-25,0,0.00,0.00
855,A,自然搜索,女,44,4,2025-07-02,0,0.00,0.00
856,B,直接访问,女,27,4,2025-07-11,0,0.00,0.00
857,B,信息流广告,男,34,2,2025-06-21,0,0.00,0.00
859,B,社交媒体,女,34,3,2025-06-21,0,0.00,0.00
864,B,短信/邮件营销,男,19,3,2025-06-14,0,0.00,0.00
871,B,信息流广告,男,38,1,2025-06-02,0,0.00,0.00
873,A,自然搜索,女,32,1,2025-06-05,0,0.00,0.00
874,A,信息流广告,男,34,2,2025-06-10,0,0.00,0.00
877,A,自然搜索,女,44,4,2025-06-14,0,0.00,0.00
879,A,自然搜索,女,55,2,2025-07-29,0,0.00,0.00
882,B,自然搜索,男,60,3,2025-07-07,0,0.00,0.00
884,B,直接访问,女,21,2,2025-07-13,0,0.00,0.00
888,B,短信/邮件营销,女,18,3,2025-06-02,0,0.00,0.00
891,A,信息流广告,男,40,2,2025-06-02,0,0.00,0.00
895,B,直接访问,男,55,3,2025-07-07,0,0.00,0.00
896,B,社交媒体,女,29,2,2025-07-12,0,0.00,0.00
903,B,信息流广告,男,44,3,2025-07-06,0,0.00,0.00
904,B,社交媒体,男,27,1,2025-06-28,0,0.00,0.00
916,B,信息流广告,男,31,3,2025-07-01,0,0.00,0.00
919,A,信息流广告,男,51,3,2025-06-30,0,0.00,0.00
921,A,自然搜索,女,36,1,2025-07-17,0,0.00,0.00
925,B,短信/邮件营销,女,27,3,2025-06-05,0,0.00,0.00
926,B,信息流广告,男,37,2,2025-07-15,0,0.00,0.00
930,A,自然搜索,女,35,1,2025-06-07,0,0.00,0.00
931,B,社交媒体,女,20,2,2025-06-12,0,0.00,0.00
932,A,自然搜索,女,41,4,2025-06-08,0,0.00,0.00
934,A,社交媒体,女,47,4,2025-07-02,0,0.00,0.00
935,B,信息流广告,男,24,1,2025-07-15,0,0.00,0.00
943,A,社交媒体,男,35,1,2025-07-02,0,0.00,0.00
944,B,信息流广告,女,32,1,2025-07-20,0,0.00,0.00
945,A,自然搜索,男,35,1,2025-07-11,0,0.00,0.00
949,A,自然搜索,男,43,3,2025-07-29,0,0.00,0.00
950,B,短信/邮件营销,男,18,4,2025-07-20,0,0.00,0.00
951,A,自然搜索,男,36,3,2025-06-22,0,0.00,0.00
953,B,信息流广告,女,30,1,2025-07-14,0,0.00,0.00
956,A,自然搜索,女,36,1,2025-06-14,0,0.00,0.00
958,A,直接访问,男,19,3,2025-06-25,0,0.00,0.00
959,A,信息流广告,男,23,2,2025-06-07,0,0.00,0.00
961,B,社交媒体,女,21,3,2025-07-18,0,0.00,0.00
963,A,自然搜索,女,35,2,2025-06-19,0,0.00,0.00
964,A,社交媒体,女,57,4,2025-07-22,1,81.00,0.00
965,B,信息流广告,女,30,4,2025-07-14,0,0.00,0.00
969,A,信息流广告,男,18,2,2025-06-08,0,0.00,0.00
970,A,短信/邮件营销,男,20,2,2025-06-17,0,0.00,0.00
972,A,社交媒体,男,30,1,2025-06-07,0,0.00,0.00
975,B,社交媒体,女,34,2,2025-07-26,0,0.00,0.00
980,B,自然搜索,男,34,3,2025-06-28,0,0.00,0.00
981,B,自然搜索,男,27,4,2025-07-05,0,0.00,0.00
982,B,社交媒体,女,49,4,2025-06-17,0,0.00,0.00
985,A,自然搜索,男,26,2,2025-06-14,0,0.00,0.00
989,B,短信/邮件营销,男,38,2,2025-07-20,1,1298.23,10.77
990,B,信息流广告,女,21,2,2025-06-24,0,0.00,0.00
994,B,信息流广告,女,23,3,2025-07-22,0,0.00,0.00
999,B,信息流广告,女,21,3,2025-06-27,0,0.00,0.00
1003,B,社交媒体,女,30,3,2025-06-17,0,0.00,0.00
1005,A,直接访问,女,29,2,2025-06-14,1,204.00,0.00
1006,B,信息流广告,女,46,1,2025-06-06,0,0.00,0.00
1009,A,自然搜索,男,24,2,2025-06-21,0,0.00,0.00
1012,A,直接访问,男,21,1,2025-07-20,0,0.00,0.00
1013,B,短信/邮件营销,男,26,1,2025-06-09,0,0.00,0.00
1014,B,短信/邮件营销,男,46,2,2025-06-16,0,0.00,0.00
1016,B,社交媒体,男,23,3,2025-07-07,0,0.00,0.00
1018,B,社交媒体,女,46,2,2025-06-28,0,0.00,0.00
1019,A,自然搜索,女,44,2,2025-07-12,0,0.00,0.00
1021,A,信息流广告,女,22,1,2025-06-07,0,0.00,0.00
1023,B,短信/邮件营销,男,29,4,2025-07-10,0,0.00,0.00
1027,A,自然搜索,女,52,2,2025-07-29,0,0.00,0.00
1028,A,信息流广告,女,20,3,2025-06-15,0,0.00,0.00
1038,B,信息流广告,女,26,1,2025-06-16,0,0.00,0.00
1039,B,信息流广告,男,40,2,2025-07-03,0,0.00,0.00
1042,A,短信/邮件营销,男,50,3,2025-07-24,0,0.00,0.00
1046,A,信息流广告,女,34,2,2025-06-24,0,0.00,0.00
1050,A,信息流广告,女,57,3,2025-06-28,0,0.00,0.00
1053,A,自然搜索,女,43,1,2025-06-19,1,101.00,0.00
1057,B,社交媒体,男,36,2,2025-06-17,0,0.00,0.00
1060,A,信息流广告,女,20,1,2025-07-28,0,0.00,0.00
1061,A,信息流广告,男,45,2,2025-06-11,0,0.00,0.00
1062,B,自然搜索,男,41,1,2025-07-26,0,0.00,0.00
1069,A,自然搜索,男,25,4,2025-07-14,0,0.00,0.00
1070,A,直接访问,女,22,3,2025-06-17,0,0.00,0.00
1071,A,直接访问,男,55,2,2025-06-14,0,0.00,0.00
1075,B,自然搜索,男,21,4,2025-06-17,0,0.00,0.00
1078,A,自然搜索,女,31,2,2025-06-07,0,0.00,0.00
1082,B,自然搜索,男,54,4,2025-06-10,0,0.00,0.00
1084,A,直接访问,女,34,2,2025-07-18,0,0.00,0.00
1085,A,信息流广告,男,38,3,2025-07-24,0,0.00,0.00
1095,A,短信/邮件营销,男,18,1,2025-07-02,0,0.00,0.00
1097,A,信息流广告,女,32,4,2025-06-24,0,0.00,0.00
1103,A,自然搜索,女,57,1,2025-06-04,0,0.00,0.00
1105,B,信息流广告,男,18,2,2025-06-08,0,0.00,0.00
1110,B,短信/邮件营销,男,32,1,2025-06-28,0,0.00,0.00
1113,B,信息流广告,女,49,3,2025-07-31,0,0.00,0.00
1120,B,信息流广告,女,42,2,2025-06-16,0,0.00,0.00
1121,A,社交媒体,女,43,4,2025-07-15,0,0.00,0.00
1122,B,社交媒体,男,22,1,2025-06-12,0,0.00,0.00
1126,B,信息流广告,男,42,2,2025-07-23,0,0.00,0.00
1128,B,短信/邮件营销,女,42,3,2025-06-26,0,0.00,0.00
1134,A,信息流广告,男,18,4,2025-06-02,0,0.00,0.00
1138,A,信息流广告,男,55,4,2025-06-10,0,0.00,0.00
1139,A,自然搜索,男,18,2,2025-06-14,1,278.00,0.00
1144,A,直接访问,男,21,3,2025-07-18,0,0.00,0.00
1147,A,直接访问,男,30,2,2025-07-11,1,290.00,0.00
1149,B,信息流广告,女,19,1,2025-06-05,0,0.00,0.00
1150,B,社交媒体,女,33,2,2025-07-26,0,0.00,0.00
1157,A,信息流广告,女,20,2,2025-06-26,0,0.00,0.00
1163,A,信息流广告,男,21,4,2025-07-20,0,0.00,0.00
1166,B,自然搜索,女,27,2,2025-07-06,0,0.00,0.00
1176,B,短信/邮件营销,男,18,1,2025-06-29,0,0.00,0.00
1177,A,社交媒体,女,24,3,2025-06-12,1,171.00,0.00
1180,B,短信/邮件营销,女,37,4,2025-07-16,0,0.00,0.00
1181,B,直接访问,女,19,3,2025-06-07,0,0.00,0.00
1192,B,信息流广告,女,20,2,2025-07-29,0,0.00,0.00
1195,A,信息流广告,女,33,3,2025-07-09,1,100.00,0.00
1199,A,自然搜索,男,18,1,2025-06-25,0,0.00,0.00
1200,B,自然搜索,女,21,2,2025-06-14,0,0.00,0.00
1201,B,直接访问,女,20,1,2025-06-02,0,0.00,0.00
1202,A,短信/邮件营销,男,20,4,2025-07-27,0,0.00,0.00
1207,A,自然搜索,女,34,4,2025-06-27,0,0.00,0.00
1209,A,信息流广告,女,44,3,2025-07-26,0,0.00,0.00
1212,B,信息流广告,男,25,1,2025-06-11,0,0.00,0.00
1215,B,短信/邮件营销,男,58,1,2025-07-28,0,0.00,0.00
1216,B,社交媒体,男,43,3,2025-06-11,0,0.00,0.00
1218,B,自然搜索,男,29,3,2025-06-12,0,0.00,0.00
1220,A,信息流广告,男,26,1,2025-06-28,0,0.00,0.00
1221,A,信息流广告,男,23,1,2025-07-20,0,0.00,0.00
1224,B,信息流广告,女,35,3,2025-06-17,0,0.00,0.00
1226,B,直接访问,男,31,1,2025-06-27,0,0.00,0.00
1227,A,自然搜索,女,26,1,2025-07-21,1,187.00,0.00
1228,B,短信/邮件营销,女,22,4,2025-06-13,0,0.00,0.00
1229,A,社交媒体,女,32,3,2025-06-21,0,0.00,0.00
1232,B,直接访问,男,26,3,2025-07-16,0,0.00,0.00
1233,B,自然搜索,女,22,3,2025-07-26,0,0.00,0.00
1234,B,自然搜索,女,43,2,2025-06-24,0,0.00,0.00
1235,A,社交媒体,男,35,2,2025-06-06,0,0.00,0.00
1237,B,自然搜索,男,41,1,2025-07-07,1,120.00,0.00
1238,A,直接访问,男,26,3,2025-06-10,0,0.00,0.00
1241,B,信息流广告,男,29,1,2025-07-09,0,0.00,0.00
1243,A,短信/邮件营销,女,29,3,2025-07-13,0,0.00,0.00
1245,A,直接访问,男,38,2,2025-06-25,0,0.00,0.00
1246,B,自然搜索,男,47,2,2025-06-26,0,0.00,0.00
1252,A,直接访问,女,29,3,2025-06-15,0,0.00,0.00
1258,A,直接访问,男,35,3,2025-07-29,0,0.00,0.00
1261,A,社交媒体,女,26,2,2025-07-26,0,0.00,0.00
1262,A,信息流广告,女,54,2,2025-06-11,0,0.00,0.00
1264,B,短信/邮件营销,女,26,1,2025-07-26,0,0.00,0.00
1271,B,信息流广告,男,26,3,2025-07-10,0,0.00,0.00
1272,B,信息流广告,女,29,2,2025-07-28,0,0.00,0.00
1273,A,直接访问,男,20,1,2025-07-15,0,0.00,0.00
1274,B,自然搜索,女,29,3,2025-07-05,0,0.00,0.00
1275,A,短信/邮件营销,男,43,1,2025-06-02,0,0.00,0.00
1277,B,自然搜索,女,25,3,2025-07-11,0,0.00,0.00
1278,A,直接访问,女,49,2,2025-06-03,0,0.00,0.00
1286,A,自然搜索,男,60,3,2025-07-28,0,0.00,0.00
1290,A,直接访问,男,34,1,2025-06-17,0,0.00,0.00
1293,A,短信/邮件营销,女,30,3,2025-07-10,0,0.00,0.00
1294,A,短信/邮件营销,男,34,2,2025-06-29,0,0.00,0.00
1295,A,信息流广告,女,36,2,2025-07-12,0,0.00,0.00
1296,A,信息流广告,女,36,2,2025-07-29,0,0.00,0.00
1297,B,自然搜索,女,33,1,2025-07-29,0,0.00,0.00
1299,B,短信/邮件营销,男,31,1,2025-07-05,0,0.00,0.00
1300,B,直接访问,男,24,1,2025-06-25,0,0.00,0.00
1302,A,信息流广告,女,18,1,2025-07-14,0,0.00,0.00
1306,B,自然搜索,男,20,2,2025-06-26,0,0.00,0.00
1311,A,自然搜索,女,25,1,2025-06-24,0,0.00,0.00
1312,B,信息流广告,女,29,1,2025-07-19,0,0.00,0.00
1313,A,社交媒体,女,37,2,2025-07-16,0,0.00,0.00
1316,A,短信/邮件营销,女,29,1,2025-07-26,1,91.00,0.00
1317,A,社交媒体,男,47,2,2025-07-23,0,0.00,0.00
1323,B,自然搜索,女,39,3,2025-06-29,0,0.00,0.00
1326,B,信息流广告,女,31,2,2025-07-27,0,0.00,0.00
1331,B,信息流广告,男,31,1,2025-06-25,0,0.00,0.00
1332,B,直接访问,男,18,1,2025-06-30,0,0.00,0.00
1334,A,自然搜索,女,38,2,2025-06-06,0,0.00,0.00
1336,A,社交媒体,男,58,1,2025-07-17,1,160.00,0.00
1345,B,信息流广告,男,52,4,2025-06-27,0,0.00,0.00
1347,A,直接访问,男,40,4,2025-07-16,0,0.00,0.00
1349,A,自然搜索,男,19,2,2025-07-16,0,0.00,0.00
1350,A,自然搜索,女,35,3,2025-07-20,0,0.00,0.00
1354,B,信息流广告,男,19,3,2025-07-23,0,0.00,0.00
1355,B,社交媒体,男,31,4,2025-06-07,0,0.00,0.00
1356,A,短信/邮件营销,女,27,2,2025-07-08,0,0.00,0.00
1359,A,短信/邮件营销,女,20,3,2025-06-02,0,0.00,0.00
1362,A,社交媒体,女,39,1,2025-07-14,0,0.00,0.00
1364,B,社交媒体,女,30,4,2025-06-07,0,0.00,0.00
1367,B,直接访问,男,56,4,2025-06-02,0,0.00,0.00
1368,A,直接访问,女,34,3,2025-07-23,0,0.00,0.00
1370,A,信息流广告,男,20,3,2025-07-19,0,0.00,0.00
1371,B,直接访问,女,23,3,2025-06-12,0,0.00,0.00
1373,A,短信/邮件营销,男,38,2,2025-07-23,0,0.00,0.00
1374,B,信息流广告,男,29,1,2025-07-18,0,0.00,0.00
1382,B,短信/邮件营销,女,51,1,2025-06-12,0,0.00,0.00
1389,B,信息流广告,男,27,2,2025-06-05,0,0.00,0.00
1390,A,短信/邮件营销,男,37,3,2025-06-30,0,0.00,0.00
1393,B,自然搜索,男,27,1,2025-07-16,0,0.00,0.00
1394,A,自然搜索,男,29,1,2025-06-09,0,0.00,0.00
1395,B,自然搜索,男,36,4,2025-06-30,0,0.00,0.00
1396,A,自然搜索,女,32,3,2025-07-23,0,0.00,0.00
1401,A,信息流广告,女,32,2,2025-07-03,0,0.00,0.00
1404,A,自然搜索,女,59,3,2025-06-09,0,0.00,0.00
1405,A,自然搜索,女,28,1,2025-07-27,0,0.00,0.00
1406,B,信息流广告,女,56,2,2025-06-11,0,0.00,0.00
1407,A,信息流广告,男,55,2,2025-06-25,0,0.00,0.00
1408,B,直接访问,女,38,3,2025-06-11,0,0.00,0.00
1409,B,社交媒体,女,20,4,2025-07-24,0,0.00,0.00
1410,A,信息流广告,女,52,2,2025-06-29,0,0.00,0.00
1411,B,自然搜索,男,40,1,2025-07-26,0,0.00,0.00
1413,B,自然搜索,女,25,4,2025-07-07,0,0.00,0.00
1414,B,自然搜索,女,44,3,2025-06-24,0,0.00,0.00
1415,B,自然搜索,男,19,2,2025-07-18,0,0.00,0.00
1417,A,自然搜索,男,38,1,2025-07-29,0,0.00,0.00
1420,B,自然搜索,女,33,3,2025-07-06,1,38.90,15.10
1422,A,社交媒体,男,31,2,2025-07-09,0,0.00,0.00
1424,A,直接访问,男,31,4,2025-07-23,0,0.00,0.00
1430,B,自然搜索,女,48,1,2025-07-22,0,0.00,0.00
1434,B,短信/邮件营销,女,30,3,2025-06-25,0,0.00,0.00
1437,A,短信/邮件营销,女,54,2,2025-07-16,0,0.00,0.00
1438,B,自然搜索,女,61,3,2025-06-16,0,0.00,0.00
1439,A,社交媒体,女,25,4,2025-07-06,0,0.00,0.00
1442,B,直接访问,女,30,1,2025-07-07,0,0.00,0.00
1445,B,社交媒体,女,20,1,2025-07-19,1,88.08,19.92
1446,B,自然搜索,女,19,3,2025-06-11,0,0.00,0.00
1447,A,自然搜索,女,60,2,2025-06-08,0,0.00,0.00
1450,A,信息流广告,男,28,1,2025-07-08,0,0.00,0.00
1453,A,自然搜索,女,21,1,2025-06-08,0,0.00,0.00
1456,B,社交媒体,男,28,3,2025-07-19,0,0.00,0.00
1459,B,自然搜索,男,60,3,2025-07-13,0,0.00,0.00
1462,A,直接访问,男,19,2,2025-07-18,0,0.00,0.00
1465,B,信息流广告,女,25,4,2025-07-03,0,0.00,0.00
1468,A,信息流广告,女,23,3,2025-06-22,0,0.00,0.00
1469,B,自然搜索,男,44,2,2025-06-21,0,0.00,0.00
1470,B,短信/邮件营销,女,18,2,2025-07-28,1,191.00,0.00
1472,A,自然搜索,男,30,2,2025-06-26,0,0.00,0.00
1474,B,信息流广告,男,33,4,2025-07-03,0,0.00,0.00
1477,A,社交媒体,女,29,1,2025-07-19,0,0.00,0.00
1478,A,直接访问,女,32,2,2025-06-21,0,0.00,0.00
1479,A,直接访问,男,59,1,2025-06-13,0,0.00,0.00
1483,A,信息流广告,女,61,1,2025-07-18,0,0.00,0.00
1488,B,自然搜索,男,21,1,2025-07-24,0,0.00,0.00
1491,B,自然搜索,女,37,2,2025-06-22,1,100.00,0.00
1493,B,自然搜索,女,46,2,2025-06-05,0,0.00,0.00
1497,B,社交媒体,男,34,2,2025-06-21,0,0.00,0.00
1498,A,信息流广告,男,31,3,2025-07-04,0,0.00,0.00
1499,B,信息流广告,女,29,2,2025-07-27,0,0.00,0.00
1500,A,信息流广告,女,59,3,2025-07-30,0,0.00,0.00
1514,A,自然搜索,男,55,2,2025-06-17,0,0.00,0.00
1517,B,短信/邮件营销,男,18,4,2025-06-27,0,0.00,0.00
1519,B,短信/邮件营销,男,40,2,2025-07-06,0,0.00,0.00
1526,A,自然搜索,男,31,4,2025-07-27,1,150.00,0.00
1527,A,自然搜索,女,53,3,2025-06-03,0,0.00,0.00
1529,A,自然搜索,女,34,4,2025-06-22,0,0.00,0.00
1531,B,自然搜索,女,29,3,2025-07-07,0,0.00,0.00
1532,B,直接访问,女,56,2,2025-06-05,0,0.00,0.00
1537,B,短信/邮件营销,女,31,4,2025-06-19,1,72.89,14.11
1538,B,社交媒体,男,42,2,2025-07-09,0,0.00,0.00
1540,A,自然搜索,男,49,2,2025-06-25,0,0.00,0.00
1541,A,社交媒体,女,24,3,2025-06-23,0,0.00,0.00
1543,A,信息流广告,男,25,2,2025-07-31,1,367.00,0.00
1546,A,自然搜索,女,31,2,2025-06-11,1,158.00,0.00
1547,A,自然搜索,女,23,3,2025-07-26,0,0.00,0.00
1548,B,社交媒体,女,31,3,2025-07-31,0,0.00,0.00
1552,B,直接访问,女,37,1,2025-07-07,0,0.00,0.00
1554,A,短信/邮件营销,男,32,2,2025-06-10,0,0.00,0.00
1555,A,自然搜索,女,22,3,2025-06-21,0,0.00,0.00
1556,B,短信/邮件营销,女,33,2,2025-07-24,0,0.00,0.00
1557,A,直接访问,男,60,3,2025-07-19,0,0.00,0.00
1559,A,自然搜索,女,35,2,2025-06-17,0,0.00,0.00
1562,A,社交媒体,女,37,2,2025-06-13,0,0.00,0.00
1567,B,信息流广告,男,32,1,2025-06-20,0,0.00,0.00
1569,A,信息流广告,男,27,3,2025-06-18,0,0.00,0.00
1570,B,社交媒体,男,45,4,2025-07-13,0,0.00,0.00
1574,B,自然搜索,女,45,2,2025-07-29,1,1926.99,9.01
1576,B,信息流广告,男,25,1,2025-07-28,0,0.00,0.00
1581,B,直接访问,女,39,3,2025-07-06,0,0.00,0.00
1582,B,短信/邮件营销,女,22,1,2025-06-24,0,0.00,0.00
1588,A,信息流广告,男,29,2,2025-07-03,0,0.00,0.00
1591,B,信息流广告,男,20,3,2025-07-02,0,0.00,0.00
1592,B,自然搜索,女,40,4,2025-06-21,0,0.00,0.00
1595,B,自然搜索,男,22,2,2025-06-14,0,0.00,0.00
1596,A,信息流广告,男,29,4,2025-07-04,0,0.00,0.00
1598,B,社交媒体,男,25,2,2025-06-24,0,0.00,0.00
1603,B,自然搜索,女,29,3,2025-07-22,0,0.00,0.00
1604,A,信息流广告,女,42,1,2025-06-19,0,0.00,0.00
1609,A,自然搜索,女,32,4,2025-07-09,0,0.00,0.00
1610,B,自然搜索,女,18,2,2025-06-14,0,0.00,0.00
1611,A,社交媒体,男,28,1,2025-06-25,0,0.00,0.00
1619,B,信息流广告,男,40,1,2025-06-13,0,0.00,0.00
1627,A,社交媒体,男,28,1,2025-07-27,0,0.00,0.00
1631,B,自然搜索,女,21,1,2025-06-16,0,0.00,0.00
1634,A,信息流广告,男,38,2,2025-06-20,1,36.00,0.00
1635,B,社交媒体,女,20,2,2025-06-19,0,0.00,0.00
1637,B,短信/邮件营销,男,35,1,2025-07-28,1,199.89,14.11
1639,B,信息流广告,男,41,4,2025-07-04,0,0.00,0.00
1640,A,自然搜索,男,60,2,2025-06-30,0,0.00,0.00
1642,A,信息流广告,男,27,1,2025-07-22,0,0.00,0.00
1643,A,社交媒体,女,35,2,2025-06-28,0,0.00,0.00
1645,A,短信/邮件营销,女,33,2,2025-06-20,0,0.00,0.00
1657,B,信息流广告,男,19,2,2025-06-06,0,0.00,0.00
1659,A,社交媒体,女,21,3,2025-06-18,0,0.00,0.00
1661,A,短信/邮件营销,男,40,3,2025-07-30,0,0.00,0.00
1663,A,直接访问,男,41,4,2025-07-18,0,0.00,0.00
1664,A,自然搜索,女,19,4,2025-07-27,0,0.00,0.00
1667,A,信息流广告,女,55,3,2025-07-29,0,0.00,0.00
1668,B,自然搜索,女,35,1,2025-06-10,1,38.95,12.05
1669,A,短信/邮件营销,女,22,2,2025-07-08,0,0.00,0.00
1673,B,直接访问,女,44,3,2025-07-29,0,0.00,0.00
1676,B,短信/邮件营销,男,33,3,2025-07-23,0,0.00,0.00
1678,A,短信/邮件营销,女,18,1,2025-06-16,0,0.00,0.00
1680,A,直接访问,男,28,1,2025-07-23,0,0.00,0.00
1683,A,社交媒体,女,24,2,2025-06-02,0,0.00,0.00
1692,B,直接访问,女,59,4,2025-06-26,0,0.00,0.00
1693,B,短信/邮件营销,女,40,1,2025-07-27,0,0.00,0.00
1696,B,信息流广告,女,33,4,2025-07-06,0,0.00,0.00
1705,A,信息流广告,男,43,2,2025-06-14,0,0.00,0.00
1709,A,信息流广告,男,57,4,2025-07-28,0,0.00,0.00
1712,B,短信/邮件营销,女,29,2,2025-06-30,0,0.00,0.00
1714,B,自然搜索,男,40,2,2025-06-22,0,0.00,0.00
1731,A,直接访问,女,31,4,2025-07-07,0,0.00,0.00
1734,B,社交媒体,女,42,2,2025-07-11,0,0.00,0.00
1735,A,信息流广告,男,31,2,2025-06-26,1,119.00,0.00
1738,B,社交媒体,男,37,2,2025-06-11,0,0.00,0.00
1745,A,直接访问,男,39,3,2025-07-06,0,0.00,0.00
1747,A,直接访问,男,27,3,2025-06-10,0,0.00,0.00
1750,A,短信/邮件营销,女,26,4,2025-07-09,0,0.00,0.00
1753,A,社交媒体,男,30,1,2025-06-27,0,0.00,0.00
1756,B,自然搜索,男,52,3,2025-07-03,1,75.36,12.64
1760,B,自然搜索,男,56,1,2025-07-17,0,0.00,0.00
1761,A,自然搜索,男,19,4,2025-06-24,0,0.00,0.00
1762,A,信息流广告,男,32,2,2025-06-14,0,0.00,0.00
1763,B,自然搜索,女,22,2,2025-06-30,0,0.00,0.00
1765,A,信息流广告,女,19,1,2025-06-05,0,0.00,0.00
1768,B,信息流广告,男,30,3,2025-07-25,0,0.00,0.00
1769,A,信息流广告,男,18,2,2025-07-03,0,0.00,0.00
1770,A,短信/邮件营销,女,35,2,2025-06-11,0,0.00,0.00
1772,A,直接访问,男,29,3,2025-06-23,0,0.00,0.00
1774,A,社交媒体,女,28,4,2025-06-25,0,0.00,0.00
1777,A,自然搜索,男,51,2,2025-06-19,0,0.00,0.00
1778,B,短信/邮件营销,男,25,1,2025-07-24,0,0.00,0.00
1779,B,信息流广告,女,22,2,2025-07-15,1,354.00,0.00
1780,B,短信/邮件营销,男,22,2,2025-06-09,0,0.00,0.00
1786,B,信息流广告,女,41,3,2025-06-08,0,0.00,0.00
1788,A,自然搜索,男,28,4,2025-06-05,0,0.00,0.00
1792,B,直接访问,男,22,3,2025-06-02,0,0.00,0.00
1795,A,短信/邮件营销,女,27,4,2025-06-20,0,0.00,0.00
1803,A,信息流广告,女,37,4,2025-07-23,0,0.00,0.00
1807,B,社交媒体,女,52,3,2025-06-29,0,0.00,0.00
1808,A,自然搜索,男,44,3,2025-07-08,0,0.00,0.00
1810,B,信息流广告,男,59,2,2025-07-17,0,0.00,0.00
1812,A,自然搜索,女,28,3,2025-06-24,0,0.00,0.00
1815,B,直接访问,女,25,1,2025-06-20,0,0.00,0.00
1816,B,社交媒体,女,42,1,2025-06-26,0,0.00,0.00
1817,B,信息流广告,女,22,4,2025-06-09,0,0.00,0.00
1820,B,自然搜索,女,29,1,2025-07-05,0,0.00,0.00
1821,A,自然搜索,女,49,4,2025-06-13,0,0.00,0.00
1823,A,信息流广告,男,31,2,2025-07-16,0,0.00,0.00
1830,A,社交媒体,男,18,3,2025-07-18,0,0.00,0.00
1834,B,短信/邮件营销,男,56,3,2025-07-19,0,0.00,0.00
1836,A,信息流广告,女,20,1,2025-07-16,0,0.00,0.00
1837,A,信息流广告,女,20,3,2025-07-26,0,0.00,0.00
1839,B,短信/邮件营销,男,29,2,2025-06-27,0,0.00,0.00
1841,A,自然搜索,女,53,2,2025-06-14,0,0.00,0.00
1844,A,社交媒体,男,29,4,2025-06-17,0,0.00,0.00
1847,B,自然搜索,男,21,2,2025-06-28,0,0.00,0.00
1848,B,社交媒体,男,27,1,2025-07-11,1,73.21,15.79
1854,B,短信/邮件营销,男,40,1,2025-06-21,0,0.00,0.00
1856,A,信息流广告,男,55,3,2025-06-06,0,0.00,0.00
1857,A,短信/邮件营销,女,37,4,2025-06-19,0,0.00,0.00
1866,A,信息流广告,女,47,2,2025-07-18,0,0.00,0.00
1874,A,社交媒体,男,21,1,2025-07-03,1,91.00,0.00
1875,B,信息流广告,女,41,2,2025-06-29,0,0.00,0.00
1879,A,信息流广告,男,58,1,2025-07-12,0,0.00,0.00
1887,A,信息流广告,男,54,1,2025-06-25,0,0.00,0.00
1889,B,信息流广告,女,54,3,2025-06-10,0,0.00,0.00
1890,A,社交媒体,女,53,2,2025-06-30,0,0.00,0.00
1895,B,社交媒体,女,20,4,2025-07-24,0,0.00,0.00
1896,A,信息流广告,男,26,1,2025-07-08,0,0.00,0.00
1897,B,自然搜索,女,20,1,2025-07-01,0,0.00,0.00
1904,A,社交媒体,男,18,4,2025-07-21,0,0.00,0.00
1906,B,自然搜索,男,30,2,2025-06-04,0,0.00,0.00
1908,A,信息流广告,男,57,2,2025-07-28,0,0.00,0.00
1917,B,信息流广告,女,25,2,2025-07-20,0,0.00,0.00
1918,B,自然搜索,女,34,2,2025-06-15,0,0.00,0.00
1922,B,社交媒体,女,45,4,2025-06-24,0,0.00,0.00
1923,B,信息流广告,男,33,3,2025-06-11,0,0.00,0.00
1925,B,信息流广告,女,27,2,2025-06-23,0,0.00,0.00
1927,A,信息流广告,女,20,3,2025-07-30,0,0.00,0.00
1929,B,信息流广告,女,28,2,2025-07-12,0,0.00,0.00
1931,B,社交媒体,女,27,1,2025-07-04,0,0.00,0.00
1932,B,社交媒体,男,43,3,2025-06-18,0,0.00,0.00
1937,B,短信/邮件营销,男,31,2,2025-06-18,0,0.00,0.00
1939,A,自然搜索,男,30,4,2025-06-12,0,0.00,0.00
1942,B,社交媒体,男,40,1,2025-07-25,0,0.00,0.00
1944,B,信息流广告,男,19,2,2025-06-26,0,0.00,0.00
1949,A,短信/邮件营销,女,29,3,2025-06-21,1,106.00,0.00
1951,A,信息流广告,女,19,3,2025-06-08,0,0.00,0.00
1966,A,短信/邮件营销,女,34,2,2025-06-15,0,0.00,0.00
1969,B,自然搜索,男,30,3,2025-06-27,1,156.00,0.00
1970,A,直接访问,女,21,4,2025-06-09,0,0.00,0.00
1973,A,短信/邮件营销,男,20,3,2025-07-20,0,0.00,0.00
1977,A,短信/邮件营销,男,35,4,2025-07-10,0,0.00,0.00
1978,A,直接访问,男,18,1,2025-07-24,0,0.00,0.00
1980,B,信息流广告,女,48,1,2025-06-09,0,0.00,0.00
1984,B,自然搜索,男,53,3,2025-06-27,0,0.00,0.00
1987,B,信息流广告,女,25,1,2025-06-30,0,0.00,0.00
1988,A,社交媒体,女,18,4,2025-06-12,0,0.00,0.00
1989,A,自然搜索,女,28,3,2025-06-19,0,0.00,0.00
1991,B,自然搜索,女,21,1,2025-07-28,0,0.00,0.00
1996,A,信息流广告,女,25,3,2025-06-26,0,0.00,0.00
1997,B,自然搜索,男,27,2,2025-07-13,0,0.00,0.00
2003,B,社交媒体,女,37,1,2025-06-29,0,0.00,0.00
2006,B,信息流广告,男,43,3,2025-07-10,0,0.00,0.00
2009,B,短信/邮件营销,男,30,4,2025-07-27,1,763.00,0.00
2015,B,信息流广告,男,18,3,2025-06-30,0,0.00,0.00
2017,A,社交媒体,女,30,1,2025-06-20,0,0.00,0.00
2018,A,短信/邮件营销,男,47,3,2025-06-26,0,0.00,0.00
2019,B,信息流广告,女,41,2,2025-07-21,0,0.00,0.00
2021,A,信息流广告,男,34,4,2025-06-29,0,0.00,0.00
2022,A,自然搜索,女,40,4,2025-07-09,0,0.00,0.00
2024,A,自然搜索,女,28,2,2025-06-10,0,0.00,0.00
2027,A,社交媒体,女,60,2,2025-07-03,0,0.00,0.00
2029,A,自然搜索,女,41,3,2025-07-30,0,0.00,0.00
2030,B,社交媒体,男,29,2,2025-06-04,0,0.00,0.00
2031,A,自然搜索,男,43,1,2025-06-05,0,0.00,0.00
2032,B,信息流广告,女,30,2,2025-06-22,0,0.00,0.00
2034,B,自然搜索,男,28,3,2025-06-17,0,0.00,0.00
2040,A,直接访问,女,44,1,2025-06-24,0,0.00,0.00
2041,A,信息流广告,女,44,4,2025-07-29,1,62.00,0.00
2043,A,直接访问,男,32,4,2025-06-02,0,0.00,0.00
2048,A,自然搜索,男,21,3,2025-06-25,0,0.00,0.00
2050,B,自然搜索,男,32,1,2025-07-23,0,0.00,0.00
2054,A,自然搜索,女,52,2,2025-07-26,0,0.00,0.00
2057,A,社交媒体,女,43,2,2025-07-15,0,0.00,0.00
2062,B,自然搜索,女,32,3,2025-06-25,0,0.00,0.00
2064,B,信息流广告,女,45,2,2025-07-25,0,0.00,0.00
2066,A,自然搜索,女,18,4,2025-06-28,0,0.00,0.00
2069,A,自然搜索,男,40,2,2025-06-18,0,0.00,0.00
2071,A,自然搜索,女,31,2,2025-06-21,0,0.00,0.00
2073,B,直接访问,女,39,3,2025-07-17,0,0.00,0.00
2078,A,自然搜索,男,35,1,2025-07-24,1,1071.00,0.00
2085,B,自然搜索,男,30,1,2025-06-21,0,0.00,0.00
2094,A,短信/邮件营销,男,35,3,2025-07-10,0,0.00,0.00
2097,A,信息流广告,女,39,1,2025-06-06,0,0.00,0.00
2103,A,自然搜索,女,22,4,2025-06-17,0,0.00,0.00
2107,A,信息流广告,女,36,4,2025-07-23,0,0.00,0.00
2110,A,社交媒体,男,29,3,2025-06-04,0,0.00,0.00
2112,A,信息流广告,男,29,1,2025-07-06,0,0.00,0.00
2116,B,直接访问,女,23,3,2025-07-15,0,0.00,0.00
2119,A,社交媒体,女,23,2,2025-06-19,0,0.00,0.00
2124,B,短信/邮件营销,男,19,2,2025-06-05,0,0.00,0.00
2126,B,信息流广告,男,33,4,2025-07-11,0,0.00,0.00
2127,B,自然搜索,男,41,4,2025-07-12,0,0.00,0.00
2128,A,自然搜索,女,44,2,2025-07-25,1,120.00,0.00
2131,B,社交媒体,男,34,2,2025-07-13,0,0.00,0.00
2139,A,短信/邮件营销,男,38,2,2025-07-04,0,0.00,0.00
2145,B,信息流广告,女,31,2,2025-07-02,0,0.00,0.00
2146,B,自然搜索,男,27,1,2025-06-04,0,0.00,0.00
2149,B,信息流广告,男,46,2,2025-06-10,0,0.00,0.00
2154,B,社交媒体,女,39,3,2025-06-11,0,0.00,0.00
2155,A,信息流广告,男,55,1,2025-07-14,0,0.00,0.00
2156,A,信息流广告,男,39,2,2025-07-29,0,0.00,0.00
2159,A,短信/邮件营销,男,40,2,2025-06-29,0,0.00,0.00
2161,A,直接访问,女,33,3,2025-06-10,0,0.00,0.00
2162,A,社交媒体,女,28,1,2025-06-10,1,203.00,0.00
2163,B,社交媒体,男,34,2,2025-07-10,1,145.00,0.00
2164,A,短信/邮件营销,男,50,1,2025-07-23,0,0.00,0.00
2166,B,直接访问,女,49,3,2025-06-03,0,0.00,0.00
2167,B,社交媒体,女,23,2,2025-07-05,0,0.00,0.00
2171,B,社交媒体,女,18,2,2025-06-30,0,0.00,0.00
2173,B,自然搜索,女,19,1,2025-07-06,0,0.00,0.00
2175,B,信息流广告,男,31,2,2025-07-16,0,0.00,0.00
2179,A,短信/邮件营销,女,43,1,2025-06-23,0,0.00,0.00
2183,A,社交媒体,女,25,2,2025-06-08,0,0.00,0.00
2187,A,信息流广告,女,45,3,2025-07-06,0,0.00,0.00
2191,B,自然搜索,男,27,3,2025-07-24,0,0.00,0.00
2194,B,直接访问,男,56,2,2025-07-18,0,0.00,0.00
2195,B,社交媒体,女,23,3,2025-07-10,0,0.00,0.00
2196,A,短信/邮件营销,女,46,3,2025-07-19,0,0.00,0.00
2199,B,社交媒体,女,20,1,2025-07-07,0,0.00,0.00
2207,A,社交媒体,女,42,2,2025-07-27,0,0.00,0.00
2210,B,直接访问,女,39,3,2025-07-30,0,0.00,0.00
2212,A,自然搜索,女,29,3,2025-06-02,0,0.00,0.00
2214,A,信息流广告,女,26,2,2025-06-30,0,0.00,0.00
2216,A,自然搜索,女,27,3,2025-07-17,0,0.00,0.00
2228,A,自然搜索,女,19,3,2025-06-21,0,0.00,0.00
2233,A,短信/邮件营销,男,35,2,2025-06-18,0,0.00,0.00
2236,A,自然搜索,男,18,1,2025-06-27,0,0.00,0.00
2239,B,社交媒体,女,43,2,2025-06-30,0,0.00,0.00
2242,A,自然搜索,男,28,3,2025-07-11,0,0.00,0.00
2243,B,信息流广告,男,40,1,2025-07-03,0,0.00,0.00
2244,B,信息流广告,男,58,1,2025-07-13,0,0.00,0.00
2245,B,直接访问,女,40,1,2025-07-17,0,0.00,0.00
2250,A,社交媒体,女,26,4,2025-07-16,0,0.00,0.00
2253,B,社交媒体,女,50,3,2025-07-30,0,0.00,0.00
2255,A,自然搜索,男,59,3,2025-07-01,0,0.00,0.00
2262,A,信息流广告,男,37,1,2025-06-04,0,0.00,0.00
2276,A,信息流广告,女,37,2,2025-06-04,0,0.00,0.00
2278,B,信息流广告,女,34,2,2025-06-14,0,0.00,0.00
2279,A,社交媒体,女,56,4,2025-07-05,0,0.00,0.00
2280,B,信息流广告,男,37,2,2025-07-12,0,0.00,0.00
2281,A,自然搜索,女,33,4,2025-07-26,0,0.00,0.00
2282,A,社交媒体,女,36,2,2025-06-11,1,106.00,0.00
2283,B,直接访问,女,33,2,2025-07-11,0,0.00,0.00
2287,B,自然搜索,女,54,1,2025-06-20,0,0.00,0.00
2288,A,信息流广告,男,19,1,2025-06-20,0,0.00,0.00
2289,A,短信/邮件营销,男,22,3,2025-06-23,0,0.00,0.00
2290,B,自然搜索,男,41,2,2025-07-05,0,0.00,0.00
2292,A,社交媒体,女,31,3,2025-07-12,0,0.00,0.00
2293,A,信息流广告,男,24,1,2025-06-24,0,0.00,0.00
2298,B,直接访问,女,58,3,2025-07-12,0,0.00,0.00
2300,B,社交媒体,男,39,4,2025-06-09,0,0.00,0.00
2302,B,自然搜索,女,24,4,2025-06-08,0,0.00,0.00
2303,A,信息流广告,女,19,2,2025-06-25,0,0.00,0.00
2304,A,自然搜索,女,18,2,2025-07-15,0,0.00,0.00
2306,A,信息流广告,女,18,3,2025-07-29,0,0.00,0.00
2307,A,信息流广告,男,18,2,2025-06-02,0,0.00,0.00
2311,B,直接访问,女,37,2,2025-07-09,1,248.12,16.88
2312,A,自然搜索,男,28,3,2025-07-29,0,0.00,0.00
2318,B,直接访问,女,27,2,2025-06-07,0,0.00,0.00
2320,B,信息流广告,男,28,3,2025-06-10,0,0.00,0.00
2321,A,社交媒体,女,28,1,2025-07-10,0,0.00,0.00
2322,A,信息流广告,女,19,3,2025-06-21,0,0.00,0.00
2323,B,短信/邮件营销,男,57,3,2025-06-26,0,0.00,0.00
2324,A,短信/邮件营销,女,28,3,2025-07-27,0,0.00,0.00
2325,A,自然搜索,男,27,3,2025-06-07,0,0.00,0.00
2331,A,短信/邮件营销,女,37,1,2025-06-14,0,0.00,0.00
2337,B,直接访问,男,33,2,2025-06-21,0,0.00,0.00
2339,A,信息流广告,男,30,2,2025-07-27,0,0.00,0.00
2345,A,信息流广告,女,19,1,2025-07-29,0,0.00,0.00
2346,A,短信/邮件营销,女,24,4,2025-06-07,0,0.00,0.00
2347,B,短信/邮件营销,男,25,4,2025-06-07,0,0.00,0.00
2350,B,短信/邮件营销,男,26,4,2025-07-27,0,0.00,0.00
2352,A,信息流广告,女,34,4,2025-07-24,0,0.00,0.00
2356,A,自然搜索,女,18,2,2025-06-07,0,0.00,0.00
2362,B,直接访问,女,51,2,2025-06-15,0,0.00,0.00
2364,A,短信/邮件营销,女,60,2,2025-07-14,0,0.00,0.00
2368,A,社交媒体,男,24,3,2025-07-07,0,0.00,0.00
2369,A,直接访问,女,24,3,2025-07-27,0,0.00,0.00
2371,A,短信/邮件营销,男,61,4,2025-06-25,0,0.00,0.00
2373,A,自然搜索,男,58,1,2025-06-20,0,0.00,0.00
2375,A,直接访问,女,32,2,2025-07-01,0,0.00,0.00
2379,A,自然搜索,女,36,2,2025-07-16,0,0.00,0.00
2382,B,自然搜索,女,26,2,2025-06-14,0,0.00,0.00
2387,B,自然搜索,女,33,1,2025-07-02,0,0.00,0.00
2388,A,短信/邮件营销,女,25,2,2025-07-19,0,0.00,0.00
2389,A,自然搜索,女,33,2,2025-07-09,0,0.00,0.00
2392,A,信息流广告,女,26,4,2025-06-27,0,0.00,0.00
2393,B,自然搜索,男,39,2,2025-06-24,0,0.00,0.00
2395,A,自然搜索,女,43,3,2025-07-02,0,0.00,0.00
2397,B,信息流广告,男,60,3,2025-07-18,0,0.00,0.00
2400,A,短信/邮件营销,男,35,1,2025-07-29,1,392.00,0.00
2401,B,自然搜索,男,41,1,2025-06-07,1,57.00,0.00
2402,B,自然搜索,男,49,3,2025-07-16,0,0.00,0.00
2405,A,社交媒体,男,40,3,2025-07-17,0,0.00,0.00
2406,A,自然搜索,女,20,3,2025-07-06,2,196.00,0.00
2407,A,社交媒体,男,34,2,2025-06-06,0,0.00,0.00
2411,A,短信/邮件营销,男,21,3,2025-07-22,0,0.00,0.00
2412,B,短信/邮件营销,男,20,1,2025-07-26,0,0.00,0.00
2419,A,社交媒体,男,31,2,2025-07-22,0,0.00,0.00
2425,B,直接访问,男,46,3,2025-07-20,1,133.00,0.00
2428,B,信息流广告,男,55,1,2025-07-31,1,127.11,14.89
2429,A,自然搜索,女,50,3,2025-07-23,0,0.00,0.00
2431,B,信息流广告,男,31,2,2025-06-23,0,0.00,0.00
2440,A,自然搜索,男,30,2,2025-06-28,0,0.00,0.00
2441,A,自然搜索,男,29,2,2025-07-08,0,0.00,0.00
2443,B,自然搜索,女,36,2,2025-07-05,0,0.00,0.00
2445,B,信息流广告,男,59,4,2025-06-17,0,0.00,0.00
2447,B,自然搜索,女,32,2,2025-06-13,0,0.00,0.00
2450,A,社交媒体,女,28,1,2025-07-17,0,0.00,0.00
2451,A,社交媒体,男,43,4,2025-07-02,0,0.00,0.00
2453,A,自然搜索,女,53,3,2025-06-21,0,0.00,0.00
2456,A,自然搜索,男,47,1,2025-07-12,1,488.00,0.00
2459,A,自然搜索,女,40,1,2025-07-28,0,0.00,0.00
2462,A,自然搜索,男,37,2,2025-06-29,0,0.00,0.00
2463,A,直接访问,男,32,2,2025-06-11,0,0.00,0.00
2474,A,社交媒体,男,33,3,2025-06-20,0,0.00,0.00
2476,A,信息流广告,男,44,3,2025-06-05,0,0.00,0.00
2485,A,自然搜索,女,20,3,2025-07-21,0,0.00,0.00
2487,A,短信/邮件营销,男,40,2,2025-07-13,0,0.00,0.00
2488,B,自然搜索,女,32,2,2025-07-24,0,0.00,0.00
2493,B,短信/邮件营销,男,30,3,2025-06-04,0,0.00,0.00
2496,A,社交媒体,男,46,4,2025-06-27,0,0.00,0.00
2498,B,自然搜索,女,32,2,2025-06-21,0,0.00,0.00
2499,A,直接访问,男,24,3,2025-06-15,1,106.00,0.00
2502,A,信息流广告,女,39,1,2025-07-30,0,0.00,0.00
2503,A,自然搜索,男,23,4,2025-07-14,0,0.00,0.00
2506,A,短信/邮件营销,女,34,1,2025-06-05,0,0.00,0.00
2510,A,信息流广告,女,29,3,2025-06-04,0,0.00,0.00
2511,A,自然搜索,男,39,1,2025-06-02,0,0.00,0.00
2524,B,信息流广告,女,47,4,2025-06-07,0,0.00,0.00
2525,B,信息流广告,男,35,3,2025-06-15,1,95.77,11.23
2527,B,信息流广告,女,20,1,2025-07-27,0,0.00,0.00
2528,A,社交媒体,男,32,1,2025-07-23,0,0.00,0.00
2529,B,自然搜索,男,33,4,2025-07-12,0,0.00,0.00
2530,A,自然搜索,女,61,2,2025-07-12,0,0.00,0.00
2532,B,社交媒体,女,48,3,2025-07-22,0,0.00,0.00
2534,A,自然搜索,男,20,4,2025-07-30,1,322.00,0.00
2535,A,自然搜索,男,18,2,2025-07-19,0,0.00,0.00
2547,A,自然搜索,女,31,2,2025-07-18,0,0.00,0.00
2552,B,自然搜索,男,39,3,2025-07-16,1,100.31,18.69
2558,A,信息流广告,男,31,2,2025-06-08,0,0.00,0.00
2559,B,短信/邮件营销,女,44,4,2025-06-22,0,0.00,0.00
2562,A,自然搜索,男,43,4,2025-07-16,0,0.00,0.00
2566,A,信息流广告,男,37,1,2025-07-15,0,0.00,0.00
2569,A,社交媒体,男,32,3,2025-07-30,0,0.00,0.00
2571,A,信息流广告,男,40,2,2025-06-28,0,0.00,0.00
2576,B,短信/邮件营销,男,20,3,2025-07-23,0,0.00,0.00
2585,B,社交媒体,女,25,1,2025-06-19,0,0.00,0.00
2586,A,信息流广告,男,44,1,2025-07-24,0,0.00,0.00
2590,A,自然搜索,男,25,3,2025-06-18,0,0.00,0.00
2591,B,信息流广告,女,48,4,2025-07-25,0,0.00,0.00
2592,A,自然搜索,女,46,3,2025-07-30,0,0.00,0.00
2596,A,自然搜索,女,30,4,2025-07-21,0,0.00,0.00
2598,A,信息流广告,女,44,2,2025-07-08,0,0.00,0.00
2599,A,社交媒体,男,43,3,2025-07-20,0,0.00,0.00
2601,A,自然搜索,男,54,1,2025-07-26,0,0.00,0.00
2602,B,自然搜索,女,26,3,2025-07-23,0,0.00,0.00
2604,B,自然搜索,女,27,3,2025-06-24,0,0.00,0.00
2605,B,社交媒体,男,22,2,2025-07-11,0,0.00,0.00
2608,B,直接访问,女,50,1,2025-06-24,0,0.00,0.00
2609,B,信息流广告,女,20,1,2025-06-03,0,0.00,0.00
2611,A,社交媒体,女,19,1,2025-06-22,0,0.00,0.00
2612,A,自然搜索,女,31,4,2025-07-05,0,0.00,0.00
2615,B,短信/邮件营销,男,18,2,2025-06-21,0,0.00,0.00
2617,A,社交媒体,女,38,3,2025-06-03,0,0.00,0.00
2619,A,直接访问,男,22,3,2025-06-15,0,0.00,0.00
2622,B,自然搜索,女,36,3,2025-06-13,0,0.00,0.00
2625,B,信息流广告,女,42,3,2025-06-05,0,0.00,0.00
2626,B,社交媒体,男,23,2,2025-07-07,1,296.00,0.00
2628,A,短信/邮件营销,男,33,2,2025-06-06,0,0.00,0.00
2630,A,自然搜索,男,29,3,2025-06-04,0,0.00,0.00
2631,A,信息流广告,女,28,1,2025-07-29,2,986.00,0.00
2632,A,自然搜索,女,27,1,2025-06-28,0,0.00,0.00
2634,A,信息流广告,男,27,1,2025-07-04,0,0.00,0.00
2636,A,短信/邮件营销,女,38,2,2025-06-10,0,0.00,0.00
2638,A,信息流广告,女,33,3,2025-07-31,0,0.00,0.00
2639,B,社交媒体,女,30,1,2025-07-04,0,0.00,0.00
2641,A,社交媒体,女,20,2,2025-06-21,0,0.00,0.00
2643,B,自然搜索,女,39,2,2025-07-12,0,0.00,0.00
2646,A,社交媒体,女,60,4,2025-06-03,0,0.00,0.00
2656,B,自然搜索,女,47,3,2025-06-07,0,0.00,0.00
2661,B,自然搜索,男,31,3,2025-06-28,0,0.00,0.00
2663,B,直接访问,男,21,3,2025-07-15,0,0.00,0.00
2664,B,信息流广告,女,25,2,2025-07-16,0,0.00,0.00
2665,A,短信/邮件营销,男,32,1,2025-07-29,0,0.00,0.00
2666,A,社交媒体,女,30,3,2025-06-30,0,0.00,0.00
2667,A,信息流广告,女,29,1,2025-07-08,0,0.00,0.00
2669,B,自然搜索,女,22,4,2025-07-11,0,0.00,0.00
2678,B,信息流广告,男,34,2,2025-06-26,0,0.00,0.00
2682,A,短信/邮件营销,男,20,3,2025-07-27,0,0.00,0.00
2683,B,自然搜索,女,22,2,2025-07-12,0,0.00,0.00
2687,A,自然搜索,女,57,1,2025-07-02,0,0.00,0.00
2690,B,社交媒体,女,22,1,2025-06-14,0,0.00,0.00
2691,A,信息流广告,女,29,1,2025-07-16,0,0.00,0.00
2694,A,信息流广告,女,41,1,2025-07-21,0,0.00,0.00
2696,A,直接访问,女,39,4,2025-06-22,0,0.00,0.00
2697,A,信息流广告,男,31,2,2025-07-03,0,0.00,0.00
2698,B,社交媒体,女,42,3,2025-06-08,0,0.00,0.00
2703,A,信息流广告,男,40,3,2025-07-08,0,0.00,0.00
2704,A,社交媒体,男,28,2,2025-07-20,0,0.00,0.00
2705,A,信息流广告,女,31,3,2025-06-15,0,0.00,0.00
2711,A,自然搜索,女,32,1,2025-06-19,0,0.00,0.00
2712,B,信息流广告,女,46,1,2025-06-06,0,0.00,0.00
2713,B,信息流广告,女,42,2,2025-06-30,0,0.00,0.00
2716,A,短信/邮件营销,女,20,2,2025-07-23,0,0.00,0.00
2717,A,信息流广告,女,36,3,2025-07-17,0,0.00,0.00
2719,B,社交媒体,女,53,3,2025-06-30,0,0.00,0.00
2722,A,直接访问,女,27,1,2025-07-06,0,0.00,0.00
2728,A,自然搜索,男,29,2,2025-07-27,1,58.00,0.00
2730,B,社交媒体,男,58,2,2025-06-25,0,0.00,0.00
2731,A,直接访问,女,33,2,2025-07-06,0,0.00,0.00
2733,A,短信/邮件营销,女,34,1,2025-07-25,0,0.00,0.00
2739,A,自然搜索,女,54,1,2025-06-27,0,0.00,0.00
2740,A,短信/邮件营销,女,28,2,2025-06-18,0,0.00,0.00
2741,B,信息流广告,男,35,2,2025-06-16,0,0.00,0.00
2744,B,直接访问,男,31,2,2025-06-15,0,0.00,0.00
2749,B,信息流广告,男,61,2,2025-06-25,0,0.00,0.00
2753,A,自然搜索,女,29,2,2025-06-12,0,0.00,0.00
2757,A,信息流广告,女,44,1,2025-06-22,0,0.00,0.00
2761,B,自然搜索,女,24,3,2025-07-23,0,0.00,0.00
2763,A,直接访问,男,34,4,2025-06-25,0,0.00,0.00
2764,B,信息流广告,女,42,1,2025-07-07,1,72.33,9.67
2767,B,信息流广告,女,19,4,2025-06-06,0,0.00,0.00
2768,A,社交媒体,男,43,3,2025-07-14,0,0.00,0.00
2775,B,自然搜索,女,31,2,2025-07-03,0,0.00,0.00
2777,A,直接访问,女,39,3,2025-07-11,0,0.00,0.00
2781,B,自然搜索,男,41,1,2025-07-02,0,0.00,0.00
2782,A,自然搜索,女,43,3,2025-07-16,0,0.00,0.00
2783,B,信息流广告,女,38,2,2025-07-11,0,0.00,0.00
2785,B,信息流广告,女,34,1,2025-06-03,0,0.00,0.00
2787,A,短信/邮件营销,女,55,1,2025-07-06,0,0.00,0.00
2791,A,信息流广告,男,24,4,2025-07-20,0,0.00,0.00
2792,A,社交媒体,男,27,1,2025-07-10,0,0.00,0.00
2794,A,自然搜索,女,43,4,2025-06-16,0,0.00,0.00
2796,B,短信/邮件营销,女,59,2,2025-07-21,0,0.00,0.00
2798,A,直接访问,男,26,4,2025-07-15,0,0.00,0.00
2799,A,社交媒体,男,48,2,2025-06-18,0,0.00,0.00
2800,A,自然搜索,女,27,1,2025-06-20,0,0.00,0.00
2801,B,社交媒体,男,28,2,2025-06-13,0,0.00,0.00
2804,A,直接访问,女,19,1,2025-07-10,0,0.00,0.00
2811,B,直接访问,男,29,1,2025-07-26,0,0.00,0.00
2815,B,信息流广告,女,25,2,2025-06-27,0,0.00,0.00
2822,B,信息流广告,女,53,3,2025-06-08,0,0.00,0.00
2824,A,信息流广告,女,19,2,2025-06-07,0,0.00,0.00
2826,A,短信/邮件营销,女,31,1,2025-06-26,1,36.00,0.00
2834,B,自然搜索,女,44,1,2025-06-11,0,0.00,0.00
2835,A,信息流广告,男,30,1,2025-07-13,0,0.00,0.00
2836,A,信息流广告,男,57,2,2025-07-28,0,0.00,0.00
2837,B,短信/邮件营销,男,32,3,2025-07-06,0,0.00,0.00
2848,A,社交媒体,男,41,1,2025-07-13,0,0.00,0.00
2854,B,信息流广告,女,39,2,2025-06-19,0,0.00,0.00
2857,B,短信/邮件营销,男,54,2,2025-07-10,0,0.00,0.00
2865,A,自然搜索,女,42,1,2025-06-29,0,0.00,0.00
2872,B,社交媒体,女,32,1,2025-06-15,1,119.00,0.00
2874,B,信息流广告,女,18,2,2025-06-06,0,0.00,0.00
2875,B,信息流广告,女,37,4,2025-07-29,0,0.00,0.00
2879,B,直接访问,男,61,3,2025-07-29,0,0.00,0.00
2880,A,信息流广告,女,40,1,2025-06-08,0,0.00,0.00
2881,B,自然搜索,女,61,1,2025-07-15,0,0.00,0.00
2882,A,信息流广告,女,49,3,2025-06-13,0,0.00,0.00
2887,A,信息流广告,女,29,3,2025-07-25,0,0.00,0.00
2892,A,社交媒体,女,31,2,2025-07-31,1,216.00,0.00
2899,B,社交媒体,女,32,2,2025-07-08,0,0.00,0.00
2900,B,信息流广告,女,39,1,2025-07-30,0,0.00,0.00
2902,B,短信/邮件营销,男,29,3,2025-06-24,0,0.00,0.00
2904,A,自然搜索,女,42,3,2025-07-02,0,0.00,0.00
2908,A,信息流广告,女,35,2,2025-06-04,0,0.00,0.00
2913,B,自然搜索,男,58,4,2025-07-19,0,0.00,0.00
2916,B,短信/邮件营销,女,44,1,2025-06-13,0,0.00,0.00
2917,A,信息流广告,男,18,2,2025-07-30,0,0.00,0.00
2918,A,自然搜索,男,27,4,2025-07-14,0,0.00,0.00
2919,B,自然搜索,男,36,2,2025-07-03,0,0.00,0.00
2920,A,自然搜索,男,23,2,2025-06-27,0,0.00,0.00
2924,B,自然搜索,女,32,1,2025-06-30,1,322.74,19.26
2927,B,自然搜索,女,40,3,2025-06-11,0,0.00,0.00
2930,A,信息流广告,女,38,2,2025-06-23,0,0.00,0.00
2936,A,自然搜索,女,27,2,2025-07-25,0,0.00,0.00
2940,B,短信/邮件营销,男,21,2,2025-06-03,0,0.00,0.00
2941,B,自然搜索,男,31,2,2025-06-10,0,0.00,0.00
2944,A,直接访问,女,51,3,2025-06-30,1,67.00,0.00
2946,A,信息流广告,男,37,2,2025-07-08,0,0.00,0.00
2948,B,短信/邮件营销,女,34,3,2025-06-16,0,0.00,0.00
2949,A,自然搜索,男,57,3,2025-07-28,0,0.00,0.00
2955,A,信息流广告,男,60,1,2025-06-26,1,78.00,0.00
2956,B,社交媒体,女,33,2,2025-07-18,0,0.00,0.00
2961,A,直接访问,女,22,3,2025-07-31,0,0.00,0.00
2963,A,社交媒体,女,24,1,2025-06-13,0,0.00,0.00
2964,B,短信/邮件营销,女,25,1,2025-06-07,0,0.00,0.00
2965,B,自然搜索,女,38,4,2025-07-01,1,97.52,9.48
2969,B,社交媒体,女,20,3,2025-06-23,0,0.00,0.00
2970,A,自然搜索,女,34,2,2025-07-01,0,0.00,0.00
2975,B,短信/邮件营销,女,19,1,2025-06-14,0,0.00,0.00
2981,B,信息流广告,女,25,3,2025-06-13,0,0.00,0.00
2982,B,信息流广告,男,24,2,2025-07-30,0,0.00,0.00
2983,A,社交媒体,男,34,2,2025-07-21,0,0.00,0.00
2993,A,短信/邮件营销,男,41,1,2025-07-26,0,0.00,0.00
2996,B,信息流广告,女,31,4,2025-06-04,0,0.00,0.00
2998,B,短信/邮件营销,女,45,2,2025-06-08,0,0.00,0.00
2999,B,社交媒体,女,34,2,2025-07-16,1,78.00,0.00
3004,B,信息流广告,男,20,4,2025-06-19,0,0.00,0.00
3005,B,直接访问,女,25,3,2025-06-19,0,0.00,0.00
3009,A,短信/邮件营销,男,33,4,2025-07-08,1,157.00,0.00
3021,A,自然搜索,女,34,1,2025-06-25,0,0.00,0.00
3023,B,短信/邮件营销,男,33,2,2025-07-24,0,0.00,0.00
3025,A,短信/邮件营销,男,42,2,2025-07-13,0,0.00,0.00
3026,B,社交媒体,女,34,1,2025-06-29,0,0.00,0.00
3028,A,自然搜索,女,32,4,2025-07-08,0,0.00,0.00
3031,A,直接访问,女,31,2,2025-07-25,0,0.00,0.00
3034,B,直接访问,男,32,3,2025-07-17,0,0.00,0.00
3036,B,社交媒体,男,32,4,2025-06-16,0,0.00,0.00
3038,B,自然搜索,男,31,4,2025-07-27,0,0.00,0.00
3039,B,自然搜索,女,32,1,2025-07-10,1,36.00,0.00
3040,B,社交媒体,女,25,4,2025-06-07,0,0.00,0.00
3042,A,自然搜索,男,42,2,2025-07-31,0,0.00,0.00
3044,B,信息流广告,男,26,2,2025-07-29,0,0.00,0.00
3045,A,自然搜索,女,34,3,2025-06-02,0,0.00,0.00
3048,B,自然搜索,女,39,3,2025-06-21,0,0.00,0.00
3050,B,自然搜索,女,28,1,2025-06-06,0,0.00,0.00
3053,A,短信/邮件营销,男,30,3,2025-07-08,0,0.00,0.00
3054,B,自然搜索,女,31,1,2025-07-12,1,92.00,0.00
3056,B,信息流广告,女,24,1,2025-06-30,0,0.00,0.00
3064,B,信息流广告,男,32,1,2025-06-28,0,0.00,0.00
3065,A,信息流广告,女,44,2,2025-07-26,0,0.00,0.00
3066,A,短信/邮件营销,女,43,1,2025-07-13,0,0.00,0.00
3068,A,信息流广告,女,32,4,2025-07-12,0,0.00,0.00
3071,A,短信/邮件营销,男,34,3,2025-07-06,0,0.00,0.00
3072,A,信息流广告,男,29,2,2025-06-06,0,0.00,0.00
3074,A,信息流广告,男,32,1,2025-06-15,0,0.00,0.00
3075,B,信息流广告,女,28,2,2025-06-06,1,89.00,0.00
3077,A,自然搜索,女,31,4,2025-06-30,0,0.00,0.00
3078,B,信息流广告,女,61,3,2025-06-28,0,0.00,0.00
3080,A,社交媒体,男,20,1,2025-06-21,0,0.00,0.00
3087,B,直接访问,女,30,3,2025-07-17,0,0.00,0.00
3089,B,直接访问,男,27,2,2025-06-21,0,0.00,0.00
3092,B,短信/邮件营销,男,19,2,2025-07-02,0,0.00,0.00
3095,A,社交媒体,女,33,4,2025-07-15,0,0.00,0.00
3097,B,信息流广告,男,22,2,2025-06-30,0,0.00,0.00
3102,A,信息流广告,男,24,4,2025-06-19,0,0.00,0.00
3103,B,自然搜索,女,34,2,2025-07-18,0,0.00,0.00
3105,B,社交媒体,女,33,1,2025-07-12,0,0.00,0.00
3108,B,信息流广告,男,58,3,2025-07-06,0,0.00,0.00
3110,B,信息流广告,女,50,1,2025-07-20,0,0.00,0.00
3112,A,自然搜索,男,21,2,2025-06-14,0,0.00,0.00
3117,A,短信/邮件营销,男,30,2,2025-07-13,0,0.00,0.00
3119,A,信息流广告,男,40,4,2025-07-08,0,0.00,0.00
3121,A,直接访问,女,59,1,2025-07-21,0,0.00,0.00
3127,B,短信/邮件营销,男,38,2,2025-06-05,0,0.00,0.00
3130,B,短信/邮件营销,男,23,2,2025-06-21,0,0.00,0.00
3133,A,社交媒体,男,24,2,2025-06-29,0,0.00,0.00
3134,B,短信/邮件营销,男,25,4,2025-07-04,0,0.00,0.00
3137,B,信息流广告,女,23,4,2025-07-24,0,0.00,0.00
3139,A,短信/邮件营销,男,25,2,2025-06-08,0,0.00,0.00
3140,B,短信/邮件营销,女,36,2,2025-07-22,0,0.00,0.00
3142,A,信息流广告,女,32,3,2025-06-07,0,0.00,0.00
3147,A,信息流广告,男,47,4,2025-06-22,0,0.00,0.00
3149,A,社交媒体,女,21,3,2025-06-24,0,0.00,0.00
3152,A,社交媒体,男,50,2,2025-06-05,0,0.00,0.00
3156,A,社交媒体,男,46,2,2025-07-20,0,0.00,0.00
3157,B,自然搜索,男,59,1,2025-07-26,0,0.00,0.00
3159,B,自然搜索,男,60,1,2025-06-13,0,0.00,0.00
3166,A,自然搜索,男,33,1,2025-07-07,0,0.00,0.00
3169,A,信息流广告,女,26,1,2025-06-18,0,0.00,0.00
3172,B,自然搜索,男,21,2,2025-07-31,1,356.00,0.00
3173,B,社交媒体,男,35,1,2025-06-27,0,0.00,0.00
3175,A,自然搜索,女,61,1,2025-06-04,0,0.00,0.00
3176,A,社交媒体,女,41,1,2025-07-29,0,0.00,0.00
3177,A,直接访问,男,38,2,2025-07-19,0,0.00,0.00
3178,A,信息流广告,男,29,2,2025-07-12,1,116.00,0.00
3179,A,信息流广告,男,50,2,2025-07-23,0,0.00,0.00
3180,A,自然搜索,女,38,3,2025-07-22,0,0.00,0.00
3184,B,信息流广告,男,36,2,2025-07-27,0,0.00,0.00
3185,B,短信/邮件营销,女,48,2,2025-07-24,1,107.00,0.00
3188,A,自然搜索,女,23,3,2025-06-22,0,0.00,0.00
3190,B,社交媒体,女,28,4,2025-07-01,1,60.00,0.00
3191,A,短信/邮件营销,女,42,3,2025-07-06,0,0.00,0.00
3193,B,短信/邮件营销,男,24,1,2025-07-30,0,0.00,0.00
3197,A,信息流广告,男,37,4,2025-07-13,1,58.00,0.00
3199,B,直接访问,男,40,2,2025-06-26,0,0.00,0.00
3200,A,社交媒体,女,25,2,2025-07-24,0,0.00,0.00
3201,A,直接访问,女,38,2,2025-07-31,0,0.00,0.00
3203,A,社交媒体,男,27,4,2025-07-06,0,0.00,0.00
3204,A,信息流广告,女,29,2,2025-07-22,0,0.00,0.00
3207,A,社交媒体,男,19,4,2025-07-20,0,0.00,0.00
3209,A,社交媒体,男,30,2,2025-07-06,0,0.00,0.00
3212,A,信息流广告,男,39,2,2025-06-11,0,0.00,0.00
3213,A,社交媒体,女,22,4,2025-07-03,1,36.00,0.00
3217,A,短信/邮件营销,女,49,1,2025-06-02,0,0.00,0.00
3222,B,自然搜索,女,32,3,2025-06-17,1,352.48,19.52
3225,A,短信/邮件营销,男,34,2,2025-06-19,0,0.00,0.00
3228,A,短信/邮件营销,男,49,3,2025-06-29,0,0.00,0.00
3233,A,信息流广告,男,31,4,2025-06-29,0,0.00,0.00
3236,A,自然搜索,女,50,3,2025-06-11,0,0.00,0.00
3240,B,社交媒体,女,21,4,2025-07-01,0,0.00,0.00
3242,A,信息流广告,男,37,1,2025-07-12,0,0.00,0.00
3243,B,信息流广告,男,30,2,2025-06-21,0,0.00,0.00
3248,B,自然搜索,女,43,2,2025-06-02,0,0.00,0.00
3250,B,信息流广告,女,39,1,2025-07-24,0,0.00,0.00
3253,A,自然搜索,男,39,1,2025-07-01,0,0.00,0.00
3254,A,直接访问,男,29,2,2025-06-04,0,0.00,0.00
3265,A,信息流广告,男,20,3,2025-07-27,1,100.00,0.00
3269,B,社交媒体,男,31,3,2025-06-08,0,0.00,0.00
3272,A,自然搜索,男,33,2,2025-06-07,0,0.00,0.00
3276,A,信息流广告,男,31,1,2025-07-30,0,0.00,0.00
3280,A,信息流广告,女,36,1,2025-06-12,0,0.00,0.00
3282,B,直接访问,男,33,4,2025-07-28,1,74.00,0.00
3284,B,自然搜索,女,47,2,2025-06-30,0,0.00,0.00
3286,A,信息流广告,女,57,4,2025-06-17,0,0.00,0.00
3292,B,短信/邮件营销,女,26,2,2025-07-18,1,250.76,13.24
3294,A,自然搜索,男,29,1,2025-06-27,0,0.00,0.00
3295,A,短信/邮件营销,女,25,3,2025-07-20,0,0.00,0.00
3298,A,信息流广告,男,26,2,2025-07-11,0,0.00,0.00
3299,B,信息流广告,男,20,3,2025-07-15,1,38.00,0.00
3300,B,社交媒体,男,50,1,2025-07-22,0,0.00,0.00
3305,B,短信/邮件营销,男,32,1,2025-06-27,0,0.00,0.00
3310,A,信息流广告,女,19,3,2025-07-25,0,0.00,0.00
3312,A,自然搜索,男,36,2,2025-07-23,0,0.00,0.00
3313,A,短信/邮件营销,女,33,1,2025-06-06,0,0.00,0.00
3314,B,自然搜索,女,29,1,2025-06-18,0,0.00,0.00
3316,B,社交媒体,女,30,2,2025-07-25,0,0.00,0.00
3319,A,自然搜索,男,36,1,2025-06-12,0,0.00,0.00
3320,A,自然搜索,女,56,3,2025-07-01,0,0.00,0.00
3323,A,直接访问,男,21,2,2025-06-07,0,0.00,0.00
3324,A,信息流广告,男,19,3,2025-06-14,0,0.00,0.00
3325,A,社交媒体,女,38,1,2025-07-07,0,0.00,0.00
3328,A,自然搜索,女,26,2,2025-07-03,1,53.00,0.00
3334,B,信息流广告,男,36,2,2025-06-05,0,0.00,0.00
3336,A,信息流广告,男,28,1,2025-07-17,0,0.00,0.00
3337,A,直接访问,女,28,3,2025-06-24,1,36.00,0.00
3340,A,短信/邮件营销,男,25,3,2025-06-12,0,0.00,0.00
3343,B,短信/邮件营销,女,18,1,2025-06-30,0,0.00,0.00
3348,B,自然搜索,男,55,2,2025-06-30,0,0.00,0.00
3353,B,信息流广告,男,44,1,2025-07-20,0,0.00,0.00
3356,A,自然搜索,男,23,4,2025-07-18,0,0.00,0.00
3357,A,信息流广告,男,44,2,2025-07-24,0,0.00,0.00
3361,B,自然搜索,男,41,2,2025-07-14,0,0.00,0.00
3362,B,信息流广告,男,30,1,2025-06-08,0,0.00,0.00
3363,B,信息流广告,女,31,1,2025-07-13,0,0.00,0.00
3364,B,信息流广告,男,26,2,2025-07-22,0,0.00,0.00
3366,B,直接访问,女,23,1,2025-07-07,1,36.00,0.00
3370,A,自然搜索,女,39,3,2025-07-05,0,0.00,0.00
3371,A,自然搜索,女,26,3,2025-06-13,0,0.00,0.00
3373,B,自然搜索,女,47,4,2025-06-16,1,96.98,9.02
3376,B,社交媒体,女,54,2,2025-07-30,0,0.00,0.00
3378,B,自然搜索,男,32,3,2025-07-07,0,0.00,0.00
3379,A,短信/邮件营销,女,38,1,2025-06-07,0,0.00,0.00
3381,B,自然搜索,女,60,2,2025-06-26,0,0.00,0.00
3388,A,信息流广告,女,33,2,2025-06-05,0,0.00,0.00
3390,B,短信/邮件营销,女,48,1,2025-06-20,0,0.00,0.00
3401,A,信息流广告,男,61,3,2025-07-28,1,303.00,0.00
3402,A,短信/邮件营销,男,25,1,2025-07-12,0,0.00,0.00
3404,B,直接访问,女,34,2,2025-07-11,0,0.00,0.00
3406,B,短信/邮件营销,女,44,1,2025-07-12,0,0.00,0.00
3408,B,社交媒体,男,32,2,2025-07-24,0,0.00,0.00
3411,A,自然搜索,女,31,3,2025-07-13,0,0.00,0.00
3415,B,信息流广告,女,19,2,2025-07-22,1,408.20,19.80
3417,B,自然搜索,男,42,3,2025-06-13,0,0.00,0.00
3419,A,社交媒体,男,28,1,2025-06-30,0,0.00,0.00
3420,B,自然搜索,男,23,2,2025-07-16,0,0.00,0.00
3425,B,短信/邮件营销,女,21,4,2025-07-16,0,0.00,0.00
3428,A,信息流广告,男,47,2,2025-07-18,0,0.00,0.00
3430,B,信息流广告,男,55,3,2025-06-11,0,0.00,0.00
3431,A,信息流广告,男,21,4,2025-06-28,0,0.00,0.00
3432,B,自然搜索,女,30,2,2025-07-03,0,0.00,0.00
3435,A,直接访问,男,37,3,2025-07-05,1,216.00,0.00
3439,B,信息流广告,女,50,1,2025-07-11,0,0.00,0.00
3445,A,自然搜索,男,21,3,2025-07-14,0,0.00,0.00
3447,B,信息流广告,女,37,3,2025-06-16,1,96.00,0.00
3448,A,信息流广告,女,30,1,2025-07-02,0,0.00,0.00
3450,B,短信/邮件营销,女,34,2,2025-06-07,0,0.00,0.00
3452,B,短信/邮件营销,女,23,2,2025-07-03,0,0.00,0.00
3455,B,自然搜索,女,34,2,2025-07-18,0,0.00,0.00
3459,A,自然搜索,男,23,2,2025-07-01,0,0.00,0.00
3460,A,短信/邮件营销,女,35,3,2025-06-15,0,0.00,0.00
3468,A,自然搜索,女,27,1,2025-07-16,0,0.00,0.00
3472,B,社交媒体,男,36,2,2025-07-31,0,0.00,0.00
3475,A,短信/邮件营销,男,47,4,2025-07-29,0,0.00,0.00
3477,B,信息流广告,女,32,1,2025-06-13,0,0.00,0.00
3479,A,信息流广告,女,29,1,2025-06-19,0,0.00,0.00
3480,A,社交媒体,男,27,3,2025-07-10,0,0.00,0.00
3482,A,信息流广告,女,25,1,2025-07-22,0,0.00,0.00
3484,B,社交媒体,女,31,2,2025-06-14,0,0.00,0.00
3486,B,自然搜索,女,40,2,2025-07-13,1,101.00,0.00
3492,A,信息流广告,女,30,2,2025-06-10,0,0.00,0.00
3499,A,短信/邮件营销,女,33,3,2025-06-29,0,0.00,0.00
3500,B,信息流广告,女,58,2,2025-06-12,0,0.00,0.00
3502,B,短信/邮件营销,女,25,3,2025-06-16,0,0.00,0.00
3505,B,社交媒体,女,56,1,2025-06-29,0,0.00,0.00
3509,B,短信/邮件营销,女,26,4,2025-07-01,0,0.00,0.00
3516,B,社交媒体,女,48,4,2025-06-12,0,0.00,0.00
3519,A,社交媒体,女,34,2,2025-07-18,0,0.00,0.00
3520,A,信息流广告,男,32,2,2025-07-06,0,0.00,0.00
3522,B,信息流广告,男,44,2,2025-07-11,0,0.00,0.00
3524,B,信息流广告,男,47,4,2025-06-30,0,0.00,0.00
3533,B,短信/邮件营销,女,28,1,2025-06-17,0,0.00,0.00
3535,A,短信/邮件营销,男,36,3,2025-07-23,0,0.00,0.00
3536,A,社交媒体,女,29,3,2025-06-15,0,0.00,0.00
3539,A,自然搜索,男,31,4,2025-06-05,0,0.00,0.00
3541,A,信息流广告,女,28,1,2025-07-16,0,0.00,0.00
3546,B,信息流广告,男,43,3,2025-07-25,0,0.00,0.00
3547,B,信息流广告,女,33,2,2025-07-04,0,0.00,0.00
3548,B,社交媒体,男,21,1,2025-06-22,0,0.00,0.00
3553,B,直接访问,女,29,1,2025-07-16,0,0.00,0.00
3557,A,信息流广告,女,47,2,2025-07-02,0,0.00,0.00
3562,B,自然搜索,女,38,3,2025-06-18,0,0.00,0.00
3563,A,自然搜索,男,24,2,2025-06-29,0,0.00,0.00
3566,B,短信/邮件营销,男,18,1,2025-06-14,0,0.00,0.00
3567,B,信息流广告,女,33,2,2025-07-18,0,0.00,0.00
3570,A,自然搜索,女,21,2,2025-06-18,0,0.00,0.00
3571,B,自然搜索,女,37,1,2025-07-07,0,0.00,0.00
3579,B,信息流广告,女,60,1,2025-06-14,0,0.00,0.00
3580,B,信息流广告,女,24,1,2025-06-20,0,0.00,0.00
3585,A,短信/邮件营销,女,38,3,2025-06-30,0,0.00,0.00
3589,B,自然搜索,男,46,2,2025-06-06,1,81.64,15.36
3591,A,信息流广告,男,49,2,2025-07-28,0,0.00,0.00
3592,B,信息流广告,男,28,3,2025-07-23,0,0.00,0.00
3596,B,自然搜索,女,23,1,2025-07-05,1,176.27,14.73
3597,B,直接访问,女,34,2,2025-07-14,0,0.00,0.00
3598,A,信息流广告,女,20,4,2025-07-11,0,0.00,0.00
3599,A,自然搜索,女,27,2,2025-07-03,1,68.00,0.00
3601,B,自然搜索,女,37,3,2025-06-14,0,0.00,0.00
3604,B,直接访问,女,34,3,2025-06-11,0,0.00,0.00
3606,B,社交媒体,男,18,1,2025-07-31,0,0.00,0.00
3613,B,直接访问,女,24,2,2025-07-13,0,0.00,0.00
3614,B,信息流广告,女,34,3,2025-06-25,1,80.00,0.00
3615,A,社交媒体,男,22,2,2025-06-25,0,0.00,0.00
3618,B,自然搜索,男,34,3,2025-06-07,0,0.00,0.00
3621,B,直接访问,男,43,3,2025-07-29,0,0.00,0.00
3622,A,自然搜索,女,46,3,2025-07-10,0,0.00,0.00
3624,B,信息流广告,女,29,2,2025-07-12,0,0.00,0.00
3625,B,社交媒体,男,42,4,2025-07-12,0,0.00,0.00
3629,A,自然搜索,男,57,2,2025-06-30,0,0.00,0.00
3631,B,社交媒体,女,27,3,2025-07-13,0,0.00,0.00
3632,A,信息流广告,女,24,3,2025-06-12,0,0.00,0.00
3635,A,自然搜索,女,28,1,2025-06-09,0,0.00,0.00
3637,A,自然搜索,女,53,1,2025-07-16,0,0.00,0.00
3638,A,信息流广告,男,20,1,2025-07-25,0,0.00,0.00
3640,A,短信/邮件营销,女,40,4,2025-06-12,0,0.00,0.00
3643,A,短信/邮件营销,男,27,2,2025-06-26,0,0.00,0.00
3644,B,社交媒体,男,31,3,2025-07-26,0,0.00,0.00
3645,A,自然搜索,男,25,2,2025-06-23,0,0.00,0.00
3646,B,信息流广告,男,51,3,2025-07-18,0,0.00,0.00
3650,B,信息流广告,男,55,2,2025-07-24,0,0.00,0.00
3652,A,自然搜索,男,32,2,2025-06-06,0,0.00,0.00
3653,B,社交媒体,女,27,2,2025-06-17,0,0.00,0.00
3658,B,直接访问,男,18,2,2025-06-19,0,0.00,0.00
3659,A,自然搜索,女,22,2,2025-06-09,0,0.00,0.00
3661,B,自然搜索,男,41,4,2025-07-16,0,0.00,0.00
3665,B,社交媒体,女,24,4,2025-06-21,0,0.00,0.00
3666,B,信息流广告,男,43,1,2025-06-25,0,0.00,0.00
3667,B,自然搜索,女,26,3,2025-07-14,0,0.00,0.00
3668,B,社交媒体,男,22,1,2025-06-03,0,0.00,0.00
3673,A,自然搜索,女,43,2,2025-06-23,0,0.00,0.00
3674,A,自然搜索,女,60,2,2025-06-14,0,0.00,0.00
3680,B,短信/邮件营销,男,36,1,2025-06-10,0,0.00,0.00
3683,A,自然搜索,女,51,2,2025-06-11,1,101.00,0.00
3684,B,自然搜索,女,18,2,2025-06-12,1,361.00,0.00
3687,B,短信/邮件营销,男,50,3,2025-07-11,0,0.00,0.00
3689,B,短信/邮件营销,男,41,1,2025-06-19,0,0.00,0.00
3691,B,信息流广告,女,23,1,2025-07-16,0,0.00,0.00
3692,A,自然搜索,女,31,2,2025-07-26,0,0.00,0.00
3694,A,社交媒体,女,18,2,2025-07-17,0,0.00,0.00
3695,B,信息流广告,男,26,2,2025-07-10,0,0.00,0.00
3696,A,自然搜索,女,34,2,2025-07-25,0,0.00,0.00
3697,A,信息流广告,女,24,3,2025-06-22,0,0.00,0.00
3701,B,信息流广告,女,24,1,2025-06-02,1,184.64,18.36
3702,A,短信/邮件营销,男,40,2,2025-06-10,0,0.00,0.00
3708,B,社交媒体,女,19,3,2025-06-29,0,0.00,0.00
3712,A,信息流广告,男,35,3,2025-07-26,0,0.00,0.00
3714,B,社交媒体,男,28,1,2025-06-21,0,0.00,0.00
3720,A,信息流广告,女,19,2,2025-07-25,0,0.00,0.00
3732,A,短信/邮件营销,女,32,4,2025-06-25,0,0.00,0.00
3733,A,自然搜索,男,59,2,2025-07-23,0,0.00,0.00
3734,B,信息流广告,女,24,1,2025-06-14,1,145.97,10.03
3735,A,自然搜索,男,52,2,2025-06-28,0,0.00,0.00
3736,B,短信/邮件营销,女,36,2,2025-07-06,0,0.00,0.00
3738,A,自然搜索,女,23,3,2025-07-04,0,0.00,0.00
3743,B,直接访问,女,60,2,2025-06-13,1,231.00,0.00
3746,A,自然搜索,女,25,1,2025-07-11,0,0.00,0.00
3751,A,直接访问,男,39,2,2025-06-15,0,0.00,0.00
3752,B,直接访问,女,27,3,2025-06-04,0,0.00,0.00
3753,B,自然搜索,男,40,1,2025-06-11,0,0.00,0.00
3754,A,短信/邮件营销,女,23,1,2025-07-27,0,0.00,0.00
3756,B,信息流广告,男,29,2,2025-07-26,0,0.00,0.00
3758,B,自然搜索,女,37,2,2025-06-25,0,0.00,0.00
3759,B,社交媒体,男,41,2,2025-06-20,0,0.00,0.00
3763,A,信息流广告,男,32,2,2025-07-08,0,0.00,0.00
3767,A,自然搜索,女,24,4,2025-07-11,0,0.00,0.00
3768,B,直接访问,女,27,2,2025-06-07,0,0.00,0.00
3772,A,社交媒体,男,33,1,2025-06-13,0,0.00,0.00
3774,B,短信/邮件营销,女,31,3,2025-07-24,0,0.00,0.00
3775,A,短信/邮件营销,女,19,1,2025-07-27,0,0.00,0.00
3777,B,信息流广告,男,40,2,2025-06-29,0,0.00,0.00
3778,B,短信/邮件营销,女,41,2,2025-06-22,0,0.00,0.00
3782,A,信息流广告,女,18,2,2025-07-04,0,0.00,0.00
3784,A,自然搜索,男,40,4,2025-07-19,1,173.00,0.00
3785,A,自然搜索,女,26,3,2025-06-02,0,0.00,0.00
3786,B,短信/邮件营销,女,28,2,2025-07-30,0,0.00,0.00
3790,A,信息流广告,男,30,1,2025-07-12,0,0.00,0.00
3791,A,短信/邮件营销,女,43,2,2025-06-16,0,0.00,0.00
3792,B,信息流广告,男,24,3,2025-07-10,0,0.00,0.00
3800,A,短信/邮件营销,男,33,2,2025-07-04,0,0.00,0.00
3802,B,短信/邮件营销,女,33,1,2025-06-12,0,0.00,0.00
3804,A,自然搜索,女,43,3,2025-06-20,0,0.00,0.00
3806,A,短信/邮件营销,男,20,3,2025-07-26,0,0.00,0.00
3808,B,信息流广告,女,28,3,2025-07-06,0,0.00,0.00
3809,A,自然搜索,男,53,1,2025-07-31,0,0.00,0.00
3813,B,直接访问,男,35,2,2025-07-27,0,0.00,0.00
3814,B,自然搜索,女,42,1,2025-06-08,1,22.00,0.00
3816,A,社交媒体,女,25,1,2025-07-18,1,134.00,0.00
3817,B,社交媒体,女,41,1,2025-06-30,0,0.00,0.00
3825,B,短信/邮件营销,男,26,2,2025-06-06,0,0.00,0.00
3830,A,社交媒体,女,49,4,2025-06-19,0,0.00,0.00
3835,A,自然搜索,男,29,1,2025-06-07,0,0.00,0.00
3836,A,自然搜索,男,23,2,2025-06-22,0,0.00,0.00
3839,B,短信/邮件营销,男,22,1,2025-07-30,0,0.00,0.00
3847,A,短信/邮件营销,女,19,3,2025-06-09,0,0.00,0.00
3848,B,信息流广告,男,51,2,2025-06-05,0,0.00,0.00
3851,B,自然搜索,女,18,1,2025-07-21,1,157.20,15.80
3856,B,短信/邮件营销,男,57,2,2025-07-07,0,0.00,0.00
3857,A,短信/邮件营销,男,20,1,2025-07-01,0,0.00,0.00
3860,B,自然搜索,男,23,3,2025-06-26,0,0.00,0.00
3861,A,信息流广告,男,39,1,2025-06-13,0,0.00,0.00
3868,B,信息流广告,男,37,3,2025-07-09,0,0.00,0.00
3870,A,信息流广告,女,20,2,2025-07-03,0,0.00,0.00
3872,A,短信/邮件营销,女,31,3,2025-07-26,0,0.00,0.00
3874,A,社交媒体,男,40,3,2025-06-22,0,0.00,0.00
3878,B,信息流广告,女,33,1,2025-07-07,0,0.00,0.00
3879,B,短信/邮件营销,女,47,1,2025-07-25,1,74.80,14.20
3884,B,自然搜索,男,51,4,2025-06-18,0,0.00,0.00
3885,A,信息流广告,女,42,3,2025-07-28,0,0.00,0.00
3886,A,自然搜索,男,18,2,2025-07-22,0,0.00,0.00
3892,A,信息流广告,女,35,4,2025-06-16,1,87.00,0.00
3895,A,信息流广告,男,27,2,2025-06-19,0,0.00,0.00
3899,B,自然搜索,男,52,3,2025-06-30,0,0.00,0.00
3900,A,信息流广告,男,18,3,2025-07-19,0,0.00,0.00
3903,A,直接访问,女,41,1,2025-07-25,0,0.00,0.00
3905,A,自然搜索,女,33,1,2025-06-02,0,0.00,0.00
3907,B,直接访问,男,26,4,2025-07-20,0,0.00,0.00
3908,A,直接访问,女,28,2,2025-06-10,0,0.00,0.00
3915,A,社交媒体,女,39,3,2025-06-26,0,0.00,0.00
3916,A,短信/邮件营销,男,49,2,2025-06-09,0,0.00,0.00
3917,B,自然搜索,女,61,1,2025-06-24,0,0.00,0.00
3918,A,自然搜索,男,28,1,2025-07-29,0,0.00,0.00
3919,B,信息流广告,男,31,2,2025-06-04,0,0.00,0.00
3920,A,社交媒体,女,49,3,2025-07-12,0,0.00,0.00
3921,B,直接访问,女,18,1,2025-06-27,0,0.00,0.00
3922,A,自然搜索,男,24,3,2025-07-08,0,0.00,0.00
3923,A,短信/邮件营销,男,31,4,2025-06-07,1,71.00,0.00
3924,A,直接访问,女,29,3,2025-07-30,0,0.00,0.00
3927,A,短信/邮件营销,男,29,3,2025-06-30,0,0.00,0.00
3928,B,社交媒体,男,43,3,2025-07-15,0,0.00,0.00
3929,B,社交媒体,男,34,2,2025-07-08,0,0.00,0.00
3930,B,自然搜索,女,41,2,2025-06-26,0,0.00,0.00
3931,A,信息流广告,女,18,2,2025-06-26,0,0.00,0.00
3934,B,自然搜索,男,45,2,2025-06-19,0,0.00,0.00
3940,B,信息流广告,男,18,3,2025-06-11,0,0.00,0.00
3948,A,信息流广告,女,29,3,2025-06-02,0,0.00,0.00
3952,A,社交媒体,男,56,2,2025-06-21,0,0.00,0.00
3953,B,社交媒体,女,27,3,2025-06-08,0,0.00,0.00
3961,A,自然搜索,女,40,4,2025-06-23,1,28.00,0.00
3962,B,社交媒体,女,40,3,2025-06-08,0,0.00,0.00
3974,A,信息流广告,男,25,3,2025-07-14,0,0.00,0.00
3976,A,社交媒体,女,30,1,2025-06-13,0,0.00,0.00
3977,B,直接访问,男,46,2,2025-07-27,1,36.00,0.00
3978,B,直接访问,女,41,2,2025-06-15,0,0.00,0.00
3979,A,自然搜索,女,29,3,2025-07-27,0,0.00,0.00
3986,B,自然搜索,女,31,2,2025-07-26,0,0.00,0.00
3988,B,直接访问,女,18,3,2025-06-05,0,0.00,0.00
3989,B,自然搜索,女,37,2,2025-06-06,0,0.00,0.00
3992,A,信息流广告,男,34,3,2025-07-06,0,0.00,0.00
3993,A,信息流广告,女,42,3,2025-07-22,0,0.00,0.00
3994,B,直接访问,男,19,2,2025-06-23,0,0.00,0.00
3998,B,直接访问,男,26,3,2025-07-07,1,363.53,12.47
3999,A,信息流广告,女,37,4,2025-06-17,1,36.00,0.00
4001,A,直接访问,女,33,2,2025-06-16,0,0.00,0.00
4006,A,信息流广告,女,21,1,2025-07-20,0,0.00,0.00
4007,A,自然搜索,男,30,4,2025-07-21,0,0.00,0.00
4008,A,信息流广告,女,24,4,2025-06-21,0,0.00,0.00
4010,B,信息流广告,女,42,3,2025-06-29,0,0.00,0.00
4013,A,自然搜索,女,29,3,2025-06-21,0,0.00,0.00
4014,B,短信/邮件营销,女,18,1,2025-07-16,0,0.00,0.00
4015,A,自然搜索,女,47,2,2025-06-05,0,0.00,0.00
4018,B,信息流广告,男,23,4,2025-07-18,0,0.00,0.00
4023,B,短信/邮件营销,男,53,2,2025-06-19,0,0.00,0.00
4024,B,短信/邮件营销,女,27,1,2025-06-20,0,0.00,0.00
4025,A,短信/邮件营销,男,26,2,2025-06-07,0,0.00,0.00
4038,B,信息流广告,女,22,3,2025-07-20,0,0.00,0.00
4043,A,短信/邮件营销,女,28,2,2025-07-03,0,0.00,0.00
4046,A,社交媒体,女,53,3,2025-06-15,0,0.00,0.00
4048,B,信息流广告,女,33,3,2025-06-24,0,0.00,0.00
4052,A,自然搜索,女,20,3,2025-06-27,0,0.00,0.00
4053,A,信息流广告,男,51,2,2025-06-06,0,0.00,0.00
4058,B,信息流广告,女,50,3,2025-06-08,0,0.00,0.00
4061,B,自然搜索,男,48,3,2025-06-25,0,0.00,0.00
4064,A,信息流广告,男,35,3,2025-06-26,0,0.00,0.00
4065,B,自然搜索,女,25,2,2025-07-04,0,0.00,0.00
4067,A,短信/邮件营销,男,37,1,2025-07-23,0,0.00,0.00
4070,B,自然搜索,女,33,2,2025-07-23,1,67.03,14.97
4072,A,自然搜索,女,32,1,2025-07-13,0,0.00,0.00
4073,B,短信/邮件营销,男,27,4,2025-07-11,0,0.00,0.00
4074,B,社交媒体,男,19,2,2025-06-08,0,0.00,0.00
4075,A,社交媒体,女,29,2,2025-06-17,0,0.00,0.00
4077,A,自然搜索,女,24,3,2025-06-18,0,0.00,0.00
4079,A,直接访问,男,38,2,2025-06-09,1,396.00,0.00
4081,A,短信/邮件营销,男,39,2,2025-07-11,0,0.00,0.00
4083,B,短信/邮件营销,女,30,4,2025-07-28,0,0.00,0.00
4089,A,社交媒体,女,48,3,2025-07-31,0,0.00,0.00
4090,B,社交媒体,男,41,4,2025-06-21,0,0.00,0.00
4092,B,自然搜索,男,25,2,2025-07-16,0,0.00,0.00
4093,A,信息流广告,男,36,2,2025-06-29,0,0.00,0.00
4094,B,短信/邮件营销,男,61,1,2025-07-15,0,0.00,0.00
4096,B,信息流广告,男,55,3,2025-06-09,0,0.00,0.00
4099,A,信息流广告,女,29,4,2025-06-09,0,0.00,0.00
4103,A,信息流广告,女,21,1,2025-07-12,0,0.00,0.00
4113,B,信息流广告,女,29,2,2025-07-20,0,0.00,0.00
4117,A,自然搜索,女,28,4,2025-06-06,0,0.00,0.00
4120,B,社交媒体,女,19,1,2025-06-27,0,0.00,0.00
4124,B,信息流广告,女,57,2,2025-07-03,0,0.00,0.00
4125,B,短信/邮件营销,女,32,1,2025-06-06,0,0.00,0.00
4128,A,信息流广告,男,28,3,2025-07-03,0,0.00,0.00
4134,B,短信/邮件营销,男,33,1,2025-07-20,0,0.00,0.00
4135,B,直接访问,男,47,1,2025-07-21,0,0.00,0.00
4136,A,直接访问,男,32,2,2025-07-15,0,0.00,0.00
4140,B,社交媒体,女,35,4,2025-07-14,1,266.68,13.32
4141,B,自然搜索,女,23,3,2025-07-21,0,0.00,0.00
4142,A,自然搜索,男,35,2,2025-07-21,0,0.00,0.00
4143,B,自然搜索,女,34,3,2025-07-29,0,0.00,0.00
4145,B,信息流广告,男,29,2,2025-06-03,0,0.00,0.00
4154,A,短信/邮件营销,男,31,1,2025-07-28,0,0.00,0.00
4155,B,信息流广告,女,31,1,2025-07-28,0,0.00,0.00
4156,A,自然搜索,男,26,2,2025-06-22,0,0.00,0.00
4162,B,自然搜索,男,38,2,2025-06-20,0,0.00,0.00
4165,A,自然搜索,女,32,2,2025-07-10,0,0.00,0.00
4166,B,短信/邮件营销,女,34,1,2025-07-02,0,0.00,0.00
4167,A,社交媒体,女,43,2,2025-07-23,0,0.00,0.00
4170,B,信息流广告,女,28,1,2025-06-25,0,0.00,0.00
4175,B,社交媒体,女,29,2,2025-06-24,0,0.00,0.00
4179,B,自然搜索,男,31,2,2025-06-07,0,0.00,0.00
4183,A,直接访问,女,40,3,2025-07-16,0,0.00,0.00
4186,B,短信/邮件营销,女,20,2,2025-07-30,0,0.00,0.00
4188,A,社交媒体,男,52,2,2025-07-06,0,0.00,0.00
4191,A,自然搜索,男,49,3,2025-06-21,0,0.00,0.00
4195,A,直接访问,男,25,1,2025-06-25,0,0.00,0.00
4196,B,自然搜索,男,31,1,2025-07-04,1,44.00,0.00
4197,A,直接访问,男,29,3,2025-07-05,1,138.00,0.00
4199,A,短信/邮件营销,男,21,1,2025-06-05,0,0.00,0.00
4201,A,自然搜索,女,37,1,2025-07-03,0,0.00,0.00
4206,B,社交媒体,女,42,2,2025-06-02,0,0.00,0.00
4210,B,信息流广告,女,39,1,2025-06-27,0,0.00,0.00
4212,B,直接访问,男,32,4,2025-06-04,0,0.00,0.00
4215,A,自然搜索,男,57,2,2025-07-09,0,0.00,0.00
4217,B,信息流广告,男,59,3,2025-07-11,0,0.00,0.00
4218,B,社交媒体,女,31,3,2025-06-13,0,0.00,0.00
4219,A,自然搜索,男,42,1,2025-07-22,0,0.00,0.00
4220,A,自然搜索,男,40,4,2025-07-29,0,0.00,0.00
4222,A,信息流广告,男,44,3,2025-06-11,0,0.00,0.00
4223,A,自然搜索,男,38,2,2025-06-16,0,0.00,0.00
4227,B,短信/邮件营销,女,50,1,2025-06-15,0,0.00,0.00
4229,A,信息流广告,男,41,4,2025-06-16,0,0.00,0.00
4230,B,短信/邮件营销,女,39,3,2025-07-15,0,0.00,0.00
4231,A,自然搜索,女,61,1,2025-06-20,0,0.00,0.00
4232,B,自然搜索,女,56,1,2025-07-25,0,0.00,0.00
4236,A,自然搜索,女,23,3,2025-07-18,0,0.00,0.00
4238,B,社交媒体,男,33,1,2025-06-10,0,0.00,0.00
4239,B,信息流广告,男,19,4,2025-07-19,0,0.00,0.00
4248,B,社交媒体,女,28,2,2025-06-03,0,0.00,0.00
4250,A,信息流广告,男,41,2,2025-06-03,0,0.00,0.00
4251,A,信息流广告,女,22,1,2025-06-03,0,0.00,0.00
4252,B,自然搜索,男,59,4,2025-06-27,0,0.00,0.00
4253,A,短信/邮件营销,女,50,3,2025-06-11,0,0.00,0.00
4255,A,直接访问,女,37,1,2025-07-23,0,0.00,0.00
4259,B,自然搜索,男,52,2,2025-06-22,0,0.00,0.00
4260,A,自然搜索,女,44,2,2025-07-04,0,0.00,0.00
4264,B,自然搜索,男,28,2,2025-06-28,0,0.00,0.00
4266,A,自然搜索,男,42,4,2025-07-23,0,0.00,0.00
4268,A,自然搜索,男,44,3,2025-07-05,0,0.00,0.00
4269,A,直接访问,女,18,4,2025-06-02,0,0.00,0.00
4272,B,信息流广告,男,33,2,2025-06-03,0,0.00,0.00
4273,A,自然搜索,女,40,2,2025-06-12,0,0.00,0.00
4276,B,社交媒体,男,58,2,2025-06-16,1,55.23,11.77
4283,A,短信/邮件营销,男,19,1,2025-07-17,0,0.00,0.00
4284,B,信息流广告,女,18,3,2025-07-16,0,0.00,0.00
4288,B,自然搜索,男,18,2,2025-06-30,0,0.00,0.00
4290,B,自然搜索,男,47,2,2025-07-30,0,0.00,0.00
4303,A,信息流广告,男,24,2,2025-06-06,0,0.00,0.00
4304,A,信息流广告,女,28,3,2025-06-22,0,0.00,0.00
4305,B,信息流广告,男,27,1,2025-07-23,0,0.00,0.00
4306,B,社交媒体,女,37,3,2025-07-13,0,0.00,0.00
4309,B,信息流广告,女,30,2,2025-07-07,0,0.00,0.00
4313,B,信息流广告,女,34,2,2025-06-14,0,0.00,0.00
4314,A,自然搜索,男,52,1,2025-07-25,0,0.00,0.00
4316,A,直接访问,女,24,2,2025-07-21,1,58.00,0.00
4321,B,自然搜索,女,47,3,2025-06-09,0,0.00,0.00
4327,A,自然搜索,男,37,3,2025-07-16,0,0.00,0.00
4332,A,社交媒体,女,21,2,2025-07-10,0,0.00,0.00
4334,B,自然搜索,男,29,2,2025-07-03,0,0.00,0.00
4336,B,信息流广告,男,21,2,2025-07-18,1,518.00,0.00
4337,A,自然搜索,女,31,2,2025-07-08,0,0.00,0.00
4340,A,社交媒体,女,20,3,2025-06-09,0,0.00,0.00
4341,A,社交媒体,男,22,3,2025-07-19,0,0.00,0.00
4342,A,自然搜索,男,19,3,2025-06-30,0,0.00,0.00
4346,A,信息流广告,女,47,2,2025-07-24,0,0.00,0.00
4349,A,直接访问,男,32,3,2025-07-11,0,0.00,0.00
4352,B,自然搜索,男,57,3,2025-06-23,0,0.00,0.00
4353,A,直接访问,女,27,3,2025-07-06,0,0.00,0.00
4354,B,社交媒体,男,44,2,2025-07-02,0,0.00,0.00
4359,B,信息流广告,男,32,4,2025-06-13,1,518.00,0.00
4360,A,社交媒体,女,31,4,2025-06-09,0,0.00,0.00
4369,B,社交媒体,男,24,1,2025-06-23,0,0.00,0.00
4372,A,短信/邮件营销,女,40,4,2025-07-26,0,0.00,0.00
4373,B,自然搜索,男,18,2,2025-07-28,0,0.00,0.00
4377,B,信息流广告,男,44,3,2025-06-26,0,0.00,0.00
4381,A,信息流广告,女,33,1,2025-07-31,0,0.00,0.00
4382,A,自然搜索,女,32,1,2025-07-12,0,0.00,0.00
4386,B,信息流广告,男,27,3,2025-06-27,1,41.00,0.00
4397,A,短信/邮件营销,女,30,1,2025-07-29,0,0.00,0.00
4402,A,社交媒体,女,29,1,2025-06-25,0,0.00,0.00
4403,A,信息流广告,女,30,3,2025-07-02,0,0.00,0.00
4405,B,社交媒体,男,27,3,2025-07-20,0,0.00,0.00
4406,B,短信/邮件营销,女,24,1,2025-07-28,0,0.00,0.00
4408,B,信息流广告,男,46,3,2025-06-23,0,0.00,0.00
4412,B,短信/邮件营销,女,57,2,2025-06-29,0,0.00,0.00
4413,A,直接访问,女,36,3,2025-06-11,0,0.00,0.00
4414,A,社交媒体,女,19,3,2025-06-22,0,0.00,0.00
4419,A,信息流广告,男,36,2,2025-06-26,1,270.00,0.00
4420,B,直接访问,男,28,2,2025-06-24,0,0.00,0.00
4421,B,信息流广告,男,32,3,2025-07-04,0,0.00,0.00
4427,B,直接访问,男,19,4,2025-06-14,0,0.00,0.00
4428,B,社交媒体,女,52,3,2025-06-03,0,0.00,0.00
4430,B,信息流广告,男,34,1,2025-06-27,0,0.00,0.00
4431,B,自然搜索,女,21,4,2025-07-18,0,0.00,0.00
4432,A,信息流广告,女,18,1,2025-06-09,0,0.00,0.00
4434,A,社交媒体,男,38,1,2025-06-07,0,0.00,0.00
4440,A,信息流广告,女,32,2,2025-06-19,0,0.00,0.00
4441,A,直接访问,男,18,3,2025-06-04,0,0.00,0.00
4445,A,信息流广告,男,55,4,2025-07-21,1,89.00,0.00
4446,B,自然搜索,女,24,4,2025-07-18,0,0.00,0.00
4455,B,信息流广告,男,22,3,2025-07-22,0,0.00,0.00
4463,A,社交媒体,女,30,2,2025-06-22,0,0.00,0.00
4467,B,信息流广告,男,41,3,2025-07-03,0,0.00,0.00
4471,A,信息流广告,女,33,3,2025-06-12,0,0.00,0.00
4478,A,信息流广告,女,19,1,2025-06-15,0,0.00,0.00
4480,A,直接访问,男,28,1,2025-07-14,0,0.00,0.00
4481,A,信息流广告,男,42,2,2025-06-03,0,0.00,0.00
4482,A,直接访问,男,41,3,2025-07-19,1,36.00,0.00
4483,A,自然搜索,女,25,3,2025-06-14,1,219.00,0.00
4486,A,社交媒体,女,39,4,2025-07-14,1,150.00,0.00
4492,B,自然搜索,男,33,4,2025-07-07,0,0.00,0.00
4498,B,自然搜索,男,36,2,2025-06-14,0,0.00,0.00
4504,B,短信/邮件营销,女,39,3,2025-06-16,1,297.90,9.10
4508,A,自然搜索,女,41,1,2025-07-23,1,46.00,0.00
4511,B,社交媒体,男,26,3,2025-07-18,0,0.00,0.00
4513,B,短信/邮件营销,女,34,3,2025-07-17,0,0.00,0.00
4516,A,信息流广告,男,28,4,2025-06-19,0,0.00,0.00
4521,B,自然搜索,男,21,2,2025-07-31,0,0.00,0.00
4522,B,社交媒体,男,26,2,2025-07-22,0,0.00,0.00
4524,B,自然搜索,男,43,2,2025-06-12,0,0.00,0.00
4525,A,自然搜索,女,23,4,2025-06-07,0,0.00,0.00
4526,B,自然搜索,男,31,2,2025-07-29,0,0.00,0.00
4536,A,自然搜索,男,29,2,2025-06-16,0,0.00,0.00
4538,A,社交媒体,男,19,3,2025-06-17,0,0.00,0.00
4540,A,短信/邮件营销,男,30,2,2025-06-13,0,0.00,0.00
4541,B,自然搜索,女,52,2,2025-06-06,0,0.00,0.00
4552,A,社交媒体,女,33,2,2025-06-14,1,109.00,0.00
4555,B,短信/邮件营销,女,28,2,2025-06-23,0,0.00,0.00
4557,B,直接访问,男,22,3,2025-06-28,0,0.00,0.00
4558,A,信息流广告,男,20,2,2025-07-04,0,0.00,0.00
4564,B,社交媒体,男,42,1,2025-07-25,0,0.00,0.00
4565,A,信息流广告,女,30,2,2025-06-14,0,0.00,0.00
4568,B,短信/邮件营销,女,22,3,2025-06-06,0,0.00,0.00
4569,B,自然搜索,男,20,3,2025-06-25,0,0.00,0.00
4571,B,社交媒体,女,31,3,2025-07-01,0,0.00,0.00
4575,B,短信/邮件营销,女,44,4,2025-06-15,0,0.00,0.00
4581,A,自然搜索,女,56,2,2025-06-02,0,0.00,0.00
4584,A,直接访问,女,42,1,2025-07-31,1,157.00,0.00
4585,B,信息流广告,男,29,3,2025-07-31,0,0.00,0.00
4586,B,信息流广告,男,45,1,2025-06-25,0,0.00,0.00
4590,A,短信/邮件营销,男,27,2,2025-07-14,0,0.00,0.00
4594,A,自然搜索,女,39,2,2025-06-30,0,0.00,0.00
4597,B,自然搜索,男,31,1,2025-07-20,0,0.00,0.00
4604,B,信息流广告,女,53,3,2025-07-04,0,0.00,0.00
4605,A,社交媒体,男,29,3,2025-06-23,0,0.00,0.00
4611,B,信息流广告,女,33,2,2025-06-22,0,0.00,0.00
4612,A,信息流广告,男,36,4,2025-06-22,0,0.00,0.00
4613,A,自然搜索,男,33,2,2025-07-15,0,0.00,0.00
4614,B,自然搜索,男,44,4,2025-07-16,0,0.00,0.00
4616,A,自然搜索,男,41,2,2025-07-02,0,0.00,0.00
4617,A,自然搜索,男,37,4,2025-07-20,0,0.00,0.00
4620,A,自然搜索,女,37,3,2025-06-13,0,0.00,0.00
4623,B,自然搜索,男,27,3,2025-07-21,0,0.00,0.00
4624,B,信息流广告,男,39,3,2025-07-28,0,0.00,0.00
4633,A,社交媒体,男,25,3,2025-07-15,0,0.00,0.00
4634,B,信息流广告,男,18,1,2025-07-04,0,0.00,0.00
4635,B,自然搜索,男,25,3,2025-07-10,0,0.00,0.00
4636,B,社交媒体,女,26,1,2025-07-24,0,0.00,0.00
4637,B,自然搜索,女,51,2,2025-06-20,0,0.00,0.00
4638,B,信息流广告,男,36,2,2025-06-09,0,0.00,0.00
4640,A,自然搜索,女,32,2,2025-06-14,0,0.00,0.00
4643,B,社交媒体,女,21,2,2025-06-06,0,0.00,0.00
4644,A,自然搜索,女,20,3,2025-06-08,0,0.00,0.00
4647,A,自然搜索,女,27,4,2025-06-03,0,0.00,0.00
4648,B,信息流广告,男,19,1,2025-07-15,0,0.00,0.00
4651,A,自然搜索,女,38,3,2025-06-23,0,0.00,0.00
4653,A,自然搜索,女,54,1,2025-07-27,1,36.00,0.00
4654,B,社交媒体,女,33,1,2025-06-16,1,73.00,0.00
4655,B,短信/邮件营销,女,25,1,2025-07-19,0,0.00,0.00
4659,B,自然搜索,男,22,4,2025-06-17,0,0.00,0.00
4660,B,社交媒体,女,20,1,2025-06-25,0,0.00,0.00
4661,A,直接访问,男,19,2,2025-07-29,0,0.00,0.00
4666,B,直接访问,女,26,2,2025-07-28,0,0.00,0.00
4667,A,自然搜索,男,39,2,2025-06-12,0,0.00,0.00
4669,A,信息流广告,女,25,2,2025-07-16,1,1897.00,0.00
4670,B,自然搜索,女,26,1,2025-07-19,0,0.00,0.00
4672,A,信息流广告,女,19,1,2025-06-21,0,0.00,0.00
4676,B,信息流广告,男,25,2,2025-07-10,0,0.00,0.00
4681,A,自然搜索,女,30,2,2025-06-20,0,0.00,0.00
4693,B,自然搜索,女,24,1,2025-06-26,1,100.40,15.60
4695,A,短信/邮件营销,女,41,1,2025-06-21,0,0.00,0.00
4698,A,信息流广告,男,56,3,2025-06-17,0,0.00,0.00
4700,B,社交媒体,女,31,1,2025-07-24,1,212.00,0.00
4706,B,信息流广告,女,41,2,2025-06-02,0,0.00,0.00
4707,B,短信/邮件营销,女,33,3,2025-06-05,0,0.00,0.00
4708,B,社交媒体,男,49,1,2025-06-24,0,0.00,0.00
4712,B,短信/邮件营销,女,53,2,2025-07-04,0,0.00,0.00
4714,B,自然搜索,女,23,2,2025-06-28,1,426.00,0.00
4716,A,社交媒体,男,48,1,2025-06-18,0,0.00,0.00
4719,B,短信/邮件营销,女,28,4,2025-06-30,0,0.00,0.00
4723,A,社交媒体,男,19,2,2025-06-15,0,0.00,0.00
4725,A,社交媒体,女,18,2,2025-07-02,0,0.00,0.00
4727,B,信息流广告,男,49,4,2025-06-26,0,0.00,0.00
4728,B,自然搜索,男,35,4,2025-06-16,0,0.00,0.00
4729,B,直接访问,男,20,4,2025-06-09,0,0.00,0.00
4732,B,信息流广告,男,43,1,2025-06-15,0,0.00,0.00
4737,B,信息流广告,男,49,3,2025-06-16,0,0.00,0.00
4738,B,信息流广告,男,28,1,2025-06-10,0,0.00,0.00
4739,A,社交媒体,女,56,3,2025-07-23,0,0.00,0.00
4751,A,自然搜索,女,27,1,2025-07-26,0,0.00,0.00
4752,B,信息流广告,男,29,3,2025-06-09,0,0.00,0.00
4754,A,短信/邮件营销,女,61,4,2025-07-11,0,0.00,0.00
4755,A,直接访问,男,31,2,2025-06-13,0,0.00,0.00
4758,B,短信/邮件营销,女,21,1,2025-06-04,0,0.00,0.00
4766,B,自然搜索,男,43,2,2025-07-11,0,0.00,0.00
4770,B,自然搜索,女,22,1,2025-07-10,0,0.00,0.00
4773,B,社交媒体,女,18,2,2025-06-12,0,0.00,0.00
4775,A,信息流广告,男,38,2,2025-06-29,0,0.00,0.00
4778,A,信息流广告,男,31,4,2025-07-25,0,0.00,0.00
4779,B,社交媒体,女,59,1,2025-07-15,0,0.00,0.00
4783,A,信息流广告,男,21,4,2025-07-13,0,0.00,0.00
4789,B,直接访问,男,47,1,2025-07-05,0,0.00,0.00
4790,B,短信/邮件营销,女,44,3,2025-06-16,0,0.00,0.00
4794,A,信息流广告,女,34,2,2025-06-28,0,0.00,0.00
4795,B,信息流广告,女,47,1,2025-06-23,0,0.00,0.00
4797,B,短信/邮件营销,女,28,2,2025-06-29,0,0.00,0.00
4800,A,直接访问,女,26,2,2025-06-29,0,0.00,0.00
4801,A,自然搜索,男,47,4,2025-07-19,1,178.00,0.00
4802,B,社交媒体,女,24,3,2025-06-24,0,0.00,0.00
4803,A,社交媒体,女,23,1,2025-07-24,0,0.00,0.00
4806,B,直接访问,男,23,1,2025-07-12,0,0.00,0.00
4812,A,直接访问,男,21,4,2025-07-03,0,0.00,0.00
4813,A,信息流广告,女,43,3,2025-06-23,0,0.00,0.00
4814,A,直接访问,男,28,2,2025-06-23,0,0.00,0.00
4819,B,直接访问,女,23,4,2025-07-01,1,72.00,0.00
4820,B,直接访问,女,42,3,2025-06-16,0,0.00,0.00
4824,B,自然搜索,男,33,2,2025-07-19,0,0.00,0.00
4826,B,自然搜索,女,44,1,2025-07-25,0,0.00,0.00
4828,A,信息流广告,男,33,1,2025-06-11,0,0.00,0.00
4831,B,社交媒体,男,33,3,2025-07-05,0,0.00,0.00
4832,B,信息流广告,男,21,2,2025-06-10,0,0.00,0.00
4836,A,自然搜索,女,44,1,2025-06-17,0,0.00,0.00
4843,B,社交媒体,女,52,3,2025-07-26,0,0.00,0.00
4844,A,社交媒体,女,32,2,2025-06-14,0,0.00,0.00
4848,A,自然搜索,女,58,1,2025-07-19,0,0.00,0.00
4850,A,信息流广告,女,52,4,2025-06-07,0,0.00,0.00
4854,A,自然搜索,女,30,2,2025-06-03,0,0.00,0.00
4855,B,信息流广告,女,29,2,2025-07-06,0,0.00,0.00
4856,B,信息流广告,男,28,4,2025-07-31,1,566.00,0.00
4857,A,社交媒体,男,38,2,2025-06-02,0,0.00,0.00
4862,A,直接访问,女,44,2,2025-06-23,0,0.00,0.00
4870,A,短信/邮件营销,女,44,3,2025-07-21,0,0.00,0.00
4872,B,信息流广告,女,19,3,2025-06-24,0,0.00,0.00
4873,B,社交媒体,男,31,1,2025-07-16,0,0.00,0.00
4874,B,自然搜索,男,44,2,2025-07-26,1,379.47,12.53
4875,A,信息流广告,男,47,1,2025-06-25,0,0.00,0.00
4876,B,自然搜索,女,19,3,2025-06-16,0,0.00,0.00
4877,B,自然搜索,男,23,2,2025-06-20,0,0.00,0.00
4879,B,信息流广告,女,21,1,2025-07-01,0,0.00,0.00
4884,B,自然搜索,男,60,2,2025-07-21,0,0.00,0.00
4897,B,信息流广告,女,19,1,2025-06-09,1,139.42,16.58
4898,A,短信/邮件营销,女,42,1,2025-07-15,0,0.00,0.00
4902,B,社交媒体,男,58,2,2025-06-04,0,0.00,0.00
4903,A,信息流广告,女,29,2,2025-06-25,0,0.00,0.00
4910,A,信息流广告,女,18,1,2025-07-17,0,0.00,0.00
4912,B,自然搜索,男,23,2,2025-07-15,0,0.00,0.00
4916,A,直接访问,男,20,2,2025-07-12,0,0.00,0.00
4918,A,社交媒体,男,33,2,2025-07-27,0,0.00,0.00
4921,A,信息流广告,男,35,1,2025-06-30,0,0.00,0.00
4922,A,直接访问,女,29,1,2025-07-18,0,0.00,0.00
4924,A,短信/邮件营销,男,31,3,2025-07-02,0,0.00,0.00
4925,B,短信/邮件营销,男,34,1,2025-06-07,0,0.00,0.00
4927,B,自然搜索,女,36,3,2025-06-03,1,274.56,11.44
4929,A,短信/邮件营销,女,23,2,2025-06-12,0,0.00,0.00
4932,B,自然搜索,男,18,1,2025-06-11,0,0.00,0.00
4933,B,信息流广告,女,34,1,2025-07-23,0,0.00,0.00
4934,B,信息流广告,女,53,3,2025-06-04,0,0.00,0.00
4937,B,短信/邮件营销,女,23,2,2025-07-21,0,0.00,0.00
4938,A,短信/邮件营销,男,38,3,2025-07-21,0,0.00,0.00
4939,B,社交媒体,女,45,4,2025-06-20,1,42.87,13.13
4941,A,自然搜索,女,43,2,2025-07-12,0,0.00,0.00
4945,A,直接访问,女,47,4,2025-06-05,0,0.00,0.00
4946,B,直接访问,女,31,4,2025-06-25,0,0.00,0.00
4948,A,自然搜索,女,30,2,2025-07-12,0,0.00,0.00
4959,B,直接访问,女,43,2,2025-06-13,0,0.00,0.00
4960,B,直接访问,女,20,2,2025-07-27,0,0.00,0.00
4963,B,信息流广告,男,25,1,2025-06-17,0,0.00,0.00
4965,B,信息流广告,男,31,4,2025-07-28,0,0.00,0.00
4966,B,社交媒体,女,31,3,2025-07-11,1,71.76,16.24
4972,B,直接访问,男,61,2,2025-07-31,0,0.00,0.00
4973,B,自然搜索,女,29,3,2025-07-05,0,0.00,0.00
4975,B,信息流广告,女,37,1,2025-07-06,0,0.00,0.00
4978,A,信息流广告,男,30,1,2025-07-09,0,0.00,0.00
4979,A,自然搜索,男,45,4,2025-06-17,0,0.00,0.00
4982,A,直接访问,男,43,1,2025-06-06,0,0.00,0.00
4991,B,社交媒体,男,33,2,2025-06-18,0,0.00,0.00
4994,A,直接访问,男,29,4,2025-06-27,0,0.00,0.00
4996,B,短信/邮件营销,男,32,1,2025-07-31,1,1062.80,8.20
4998,B,直接访问,女,29,4,2025-07-01,0,0.00,0.00
5000,A,社交媒体,女,20,3,2025-07-27,0,0.00,0.00
5003,B,短信/邮件营销,女,23,3,2025-06-12,0,0.00,0.00
5006,B,自然搜索,女,36,3,2025-07-03,0,0.00,0.00
5007,B,社交媒体,女,25,1,2025-07-03,0,0.00,0.00
5012,B,信息流广告,女,27,2,2025-06-11,0,0.00,0.00
5013,B,短信/邮件营销,女,34,1,2025-06-18,1,138.74,13.26
5014,A,信息流广告,男,18,3,2025-06-12,0,0.00,0.00
5015,A,短信/邮件营销,女,39,2,2025-06-20,0,0.00,0.00
5016,A,信息流广告,男,20,3,2025-06-06,0,0.00,0.00
5020,B,短信/邮件营销,男,43,2,2025-07-10,0,0.00,0.00
5022,B,直接访问,女,51,1,2025-07-22,0,0.00,0.00
5029,A,社交媒体,男,55,1,2025-07-12,0,0.00,0.00
5030,A,信息流广告,女,22,1,2025-07-07,0,0.00,0.00
5032,A,信息流广告,男,18,1,2025-06-05,0,0.00,0.00
5033,B,自然搜索,男,43,1,2025-07-18,0,0.00,0.00
5037,A,短信/邮件营销,女,23,3,2025-06-24,0,0.00,0.00
5040,A,自然搜索,女,18,1,2025-07-07,0,0.00,0.00
5044,B,信息流广告,女,25,3,2025-07-29,0,0.00,0.00
5049,B,直接访问,女,24,2,2025-06-02,1,46.00,0.00
5050,A,社交媒体,男,32,4,2025-06-28,0,0.00,0.00
5053,A,直接访问,女,41,2,2025-07-18,0,0.00,0.00
5058,B,自然搜索,男,30,3,2025-06-14,0,0.00,0.00
5059,A,直接访问,女,24,3,2025-06-10,0,0.00,0.00
5061,B,社交媒体,男,39,4,2025-07-01,0,0.00,0.00
5062,A,自然搜索,男,19,2,2025-07-11,0,0.00,0.00
5063,A,社交媒体,男,38,4,2025-07-20,0,0.00,0.00
5064,B,信息流广告,男,42,2,2025-06-12,0,0.00,0.00
5069,B,自然搜索,女,47,3,2025-07-28,0,0.00,0.00
5070,A,信息流广告,女,35,3,2025-06-26,0,0.00,0.00
5071,B,社交媒体,男,37,2,2025-07-31,0,0.00,0.00
5074,B,自然搜索,女,24,2,2025-06-20,0,0.00,0.00
5079,A,短信/邮件营销,男,33,2,2025-07-07,0,0.00,0.00
5080,A,自然搜索,女,25,1,2025-06-02,0,0.00,0.00
5081,A,短信/邮件营销,女,31,1,2025-06-15,0,0.00,0.00
5085,B,直接访问,男,29,1,2025-07-13,0,0.00,0.00
5086,A,自然搜索,男,18,2,2025-06-03,0,0.00,0.00
5091,B,自然搜索,女,30,4,2025-06-12,0,0.00,0.00
5093,B,自然搜索,女,35,2,2025-07-15,0,0.00,0.00
5094,A,自然搜索,女,38,3,2025-07-02,0,0.00,0.00
5096,B,自然搜索,女,40,1,2025-07-05,1,72.33,17.67
5102,B,自然搜索,女,32,4,2025-07-26,1,141.68,10.32
5105,A,社交媒体,女,24,3,2025-06-07,0,0.00,0.00
5106,B,信息流广告,女,56,3,2025-07-26,0,0.00,0.00
5109,A,短信/邮件营销,男,30,3,2025-07-09,0,0.00,0.00
5111,A,自然搜索,男,29,2,2025-06-30,0,0.00,0.00
5113,B,社交媒体,女,31,4,2025-07-09,0,0.00,0.00
5116,A,社交媒体,女,27,1,2025-06-22,0,0.00,0.00
5117,B,短信/邮件营销,女,26,3,2025-07-03,0,0.00,0.00
5119,A,自然搜索,女,18,3,2025-06-08,0,0.00,0.00
5121,B,短信/邮件营销,女,39,4,2025-06-20,0,0.00,0.00
5126,B,信息流广告,男,28,1,2025-06-02,0,0.00,0.00
5128,B,短信/邮件营销,女,54,2,2025-06-16,0,0.00,0.00
5134,A,社交媒体,女,27,3,2025-06-24,0,0.00,0.00
5135,B,信息流广告,女,31,2,2025-07-23,0,0.00,0.00
5136,A,信息流广告,男,29,1,2025-06-13,0,0.00,0.00
5137,A,自然搜索,女,54,3,2025-07-28,0,0.00,0.00
5138,A,信息流广告,男,21,2,2025-07-16,0,0.00,0.00
5139,B,社交媒体,女,43,3,2025-06-10,0,0.00,0.00
5141,B,信息流广告,男,41,2,2025-06-25,0,0.00,0.00
5145,B,信息流广告,女,32,1,2025-06-21,0,0.00,0.00
5146,A,信息流广告,男,30,2,2025-06-25,0,0.00,0.00
5150,B,自然搜索,女,54,2,2025-07-31,0,0.00,0.00
5153,B,自然搜索,女,44,1,2025-07-26,0,0.00,0.00
5158,B,直接访问,男,18,2,2025-06-09,0,0.00,0.00
5159,B,信息流广告,男,29,4,2025-06-27,0,0.00,0.00
5162,A,社交媒体,女,26,4,2025-07-18,0,0.00,0.00
5168,B,短信/邮件营销,男,26,1,2025-07-25,0,0.00,0.00
5170,A,短信/邮件营销,男,43,4,2025-06-11,0,0.00,0.00
5176,B,社交媒体,女,27,2,2025-06-19,0,0.00,0.00
5179,A,自然搜索,女,34,3,2025-06-20,0,0.00,0.00
5180,B,信息流广告,男,57,3,2025-06-27,0,0.00,0.00
5181,A,自然搜索,男,31,1,2025-06-12,0,0.00,0.00
5184,A,信息流广告,女,28,3,2025-07-19,0,0.00,0.00
5186,B,社交媒体,女,29,1,2025-07-26,0,0.00,0.00
5187,A,自然搜索,男,18,2,2025-06-04,0,0.00,0.00
5189,A,信息流广告,女,37,2,2025-07-19,0,0.00,0.00
5190,B,直接访问,男,25,3,2025-07-05,0,0.00,0.00
5194,B,社交媒体,女,18,1,2025-07-18,0,0.00,0.00
5196,B,信息流广告,女,25,1,2025-07-28,0,0.00,0.00
5197,B,短信/邮件营销,女,19,1,2025-07-07,0,0.00,0.00
5199,B,自然搜索,男,26,4,2025-07-27,0,0.00,0.00
5202,A,信息流广告,男,31,1,2025-06-23,0,0.00,0.00
5204,A,直接访问,男,32,4,2025-06-10,0,0.00,0.00
5205,B,信息流广告,女,44,4,2025-07-08,0,0.00,0.00
5220,A,社交媒体,女,28,3,2025-07-08,0,0.00,0.00
5222,B,社交媒体,女,18,2,2025-07-14,0,0.00,0.00
5224,A,自然搜索,女,33,3,2025-07-13,0,0.00,0.00
5225,A,社交媒体,女,22,1,2025-06-21,0,0.00,0.00
5227,B,社交媒体,男,20,1,2025-06-22,0,0.00,0.00
5237,B,自然搜索,男,34,2,2025-06-14,0,0.00,0.00
5238,A,短信/邮件营销,男,21,1,2025-07-13,0,0.00,0.00
5239,B,自然搜索,女,34,1,2025-06-20,0,0.00,0.00
5245,A,短信/邮件营销,男,26,4,2025-06-21,0,0.00,0.00
5249,A,自然搜索,男,19,4,2025-07-27,0,0.00,0.00
5253,A,信息流广告,男,25,1,2025-06-06,0,0.00,0.00
5258,B,信息流广告,女,37,3,2025-07-14,0,0.00,0.00
5263,A,社交媒体,女,44,2,2025-06-23,0,0.00,0.00
5268,B,自然搜索,女,19,3,2025-07-31,0,0.00,0.00
5269,B,社交媒体,女,40,2,2025-06-20,0,0.00,0.00
5277,B,自然搜索,女,18,1,2025-07-28,0,0.00,0.00
5279,A,信息流广告,女,24,1,2025-07-14,0,0.00,0.00
5285,A,自然搜索,女,58,2,2025-06-30,0,0.00,0.00
5289,B,短信/邮件营销,女,27,2,2025-07-26,1,268.90,15.10
5293,B,信息流广告,男,38,3,2025-06-12,0,0.00,0.00
5297,B,信息流广告,男,22,2,2025-07-04,0,0.00,0.00
5298,A,信息流广告,女,48,2,2025-06-23,1,264.00,0.00
5304,A,自然搜索,女,18,1,2025-07-03,0,0.00,0.00
5305,A,短信/邮件营销,男,22,2,2025-06-26,0,0.00,0.00
5309,A,社交媒体,男,26,2,2025-07-15,0,0.00,0.00
5310,A,自然搜索,男,58,2,2025-07-16,1,340.00,0.00
5312,A,自然搜索,女,29,2,2025-07-02,0,0.00,0.00
5316,B,短信/邮件营销,女,32,3,2025-06-04,0,0.00,0.00
5319,B,社交媒体,女,32,3,2025-06-17,0,0.00,0.00
5320,B,信息流广告,男,26,2,2025-07-09,0,0.00,0.00
5328,B,自然搜索,女,42,1,2025-06-02,1,28.00,0.00
5330,A,直接访问,女,29,2,2025-06-20,0,0.00,0.00
5337,A,自然搜索,男,31,2,2025-07-14,0,0.00,0.00
5339,B,短信/邮件营销,男,51,1,2025-06-22,0,0.00,0.00
5340,B,自然搜索,女,52,3,2025-06-29,0,0.00,0.00
5344,B,社交媒体,男,24,3,2025-06-19,0,0.00,0.00
5346,B,自然搜索,女,21,2,2025-06-26,0,0.00,0.00
5348,B,社交媒体,男,20,4,2025-06-13,0,0.00,0.00
5352,B,自然搜索,女,21,1,2025-06-18,0,0.00,0.00
5353,B,自然搜索,女,35,4,2025-07-13,0,0.00,0.00
5357,A,短信/邮件营销,女,44,1,2025-06-28,0,0.00,0.00
5359,A,短信/邮件营销,女,26,1,2025-07-28,0,0.00,0.00
5360,B,信息流广告,女,23,3,2025-06-24,0,0.00,0.00
5362,A,信息流广告,男,33,1,2025-07-31,0,0.00,0.00
5364,B,短信/邮件营销,女,23,4,2025-06-10,0,0.00,0.00
5370,A,自然搜索,女,38,3,2025-07-17,0,0.00,0.00
5372,A,社交媒体,男,32,2,2025-06-20,0,0.00,0.00
5373,A,社交媒体,女,41,2,2025-07-14,0,0.00,0.00
5380,A,信息流广告,男,18,4,2025-06-14,0,0.00,0.00
5382,B,社交媒体,女,31,3,2025-06-21,0,0.00,0.00
5385,B,社交媒体,男,23,1,2025-06-20,0,0.00,0.00
5389,A,自然搜索,女,21,3,2025-06-30,0,0.00,0.00
5392,A,社交媒体,男,35,1,2025-07-31,0,0.00,0.00
5398,A,短信/邮件营销,女,31,2,2025-06-17,0,0.00,0.00
5399,A,信息流广告,男,46,1,2025-07-17,0,0.00,0.00
5400,B,短信/邮件营销,男,35,3,2025-07-09,0,0.00,0.00
5401,A,社交媒体,女,28,2,2025-07-12,0,0.00,0.00
5403,B,自然搜索,男,35,3,2025-07-09,0,0.00,0.00
5405,A,自然搜索,女,23,3,2025-07-12,0,0.00,0.00
5408,A,信息流广告,男,47,3,2025-07-27,0,0.00,0.00
5412,A,短信/邮件营销,男,22,1,2025-06-08,0,0.00,0.00
5413,A,直接访问,女,41,2,2025-07-13,0,0.00,0.00
5417,A,自然搜索,女,30,1,2025-07-06,0,0.00,0.00
5418,A,信息流广告,女,28,1,2025-07-13,0,0.00,0.00
5429,A,信息流广告,男,22,2,2025-06-15,0,0.00,0.00
5430,A,社交媒体,女,22,2,2025-06-26,0,0.00,0.00
5434,A,信息流广告,女,41,2,2025-07-01,0,0.00,0.00
5435,A,自然搜索,男,35,1,2025-06-08,0,0.00,0.00
5436,B,社交媒体,女,31,1,2025-06-17,0,0.00,0.00
5437,B,社交媒体,男,22,4,2025-07-01,0,0.00,0.00
5439,A,信息流广告,女,46,1,2025-06-25,0,0.00,0.00
5440,A,信息流广告,女,34,4,2025-07-18,0,0.00,0.00
5445,B,短信/邮件营销,男,21,1,2025-06-19,0,0.00,0.00
5458,B,自然搜索,男,50,2,2025-07-08,0,0.00,0.00
5466,A,自然搜索,女,26,3,2025-07-16,0,0.00,0.00
5467,B,信息流广告,男,29,2,2025-07-06,0,0.00,0.00
5469,A,自然搜索,女,37,2,2025-06-04,0,0.00,0.00
5473,B,短信/邮件营销,女,32,4,2025-07-13,0,0.00,0.00
5474,A,信息流广告,女,43,2,2025-06-29,0,0.00,0.00
5475,A,信息流广告,女,45,1,2025-06-26,0,0.00,0.00
5479,A,信息流广告,女,42,4,2025-06-05,0,0.00,0.00
5483,A,社交媒体,女,27,1,2025-06-21,0,0.00,0.00
5486,A,直接访问,男,30,2,2025-06-16,0,0.00,0.00
5487,A,自然搜索,女,35,2,2025-06-16,0,0.00,0.00
5488,B,信息流广告,男,46,2,2025-06-12,0,0.00,0.00
5490,B,直接访问,男,30,4,2025-07-23,0,0.00,0.00
5492,A,短信/邮件营销,男,26,3,2025-07-02,0,0.00,0.00
5493,B,自然搜索,女,24,1,2025-07-30,0,0.00,0.00
5500,B,自然搜索,女,19,1,2025-06-20,1,73.00,0.00
5505,A,自然搜索,女,57,1,2025-06-09,0,0.00,0.00
5511,B,短信/邮件营销,男,30,1,2025-06-05,2,125.56,12.44
5512,A,自然搜索,男,58,1,2025-07-22,0,0.00,0.00
5513,B,自然搜索,女,33,1,2025-07-22,1,49.32,10.68
5515,B,信息流广告,女,30,4,2025-07-09,0,0.00,0.00
5534,A,信息流广告,男,33,1,2025-06-12,0,0.00,0.00
5536,B,自然搜索,男,43,3,2025-06-21,0,0.00,0.00
5537,A,社交媒体,女,26,1,2025-07-02,0,0.00,0.00
5538,B,自然搜索,女,40,1,2025-07-28,0,0.00,0.00
5539,B,短信/邮件营销,女,34,2,2025-07-26,0,0.00,0.00
5543,B,信息流广告,女,57,3,2025-07-11,1,80.00,0.00
5545,A,短信/邮件营销,女,40,2,2025-07-04,0,0.00,0.00
5546,B,社交媒体,女,34,3,2025-06-12,0,0.00,0.00
5548,B,信息流广告,男,21,2,2025-06-15,0,0.00,0.00
5554,B,社交媒体,女,30,2,2025-06-24,0,0.00,0.00
5564,A,短信/邮件营销,男,33,3,2025-07-04,0,0.00,0.00
5566,B,自然搜索,女,19,1,2025-07-11,0,0.00,0.00
5571,A,信息流广告,男,26,3,2025-06-03,0,0.00,0.00
5573,A,信息流广告,男,30,3,2025-06-02,0,0.00,0.00
5575,A,直接访问,女,38,3,2025-07-13,0,0.00,0.00
5578,A,信息流广告,女,19,3,2025-06-23,0,0.00,0.00
5582,A,自然搜索,男,58,1,2025-06-04,0,0.00,0.00
5588,A,社交媒体,女,21,2,2025-07-09,0,0.00,0.00
5591,B,信息流广告,男,50,4,2025-06-17,0,0.00,0.00
5592,B,社交媒体,女,31,2,2025-07-19,0,0.00,0.00
5596,B,社交媒体,男,56,3,2025-06-09,0,0.00,0.00
5601,B,自然搜索,男,29,1,2025-07-01,0,0.00,0.00
5608,B,自然搜索,女,35,1,2025-06-26,0,0.00,0.00
5611,B,自然搜索,女,30,3,2025-06-19,0,0.00,0.00
5617,A,信息流广告,女,28,2,2025-06-19,0,0.00,0.00
5619,B,自然搜索,女,47,3,2025-06-12,0,0.00,0.00
5622,B,社交媒体,男,26,2,2025-06-10,0,0.00,0.00
5626,B,社交媒体,女,20,2,2025-06-24,0,0.00,0.00
5631,B,社交媒体,女,32,1,2025-07-24,0,0.00,0.00
5632,A,短信/邮件营销,男,28,2,2025-07-17,0,0.00,0.00
5633,A,信息流广告,女,55,1,2025-07-29,0,0.00,0.00
5635,A,自然搜索,男,38,2,2025-07-09,0,0.00,0.00
5637,B,自然搜索,男,25,4,2025-07-01,0,0.00,0.00
5638,B,社交媒体,女,33,1,2025-06-27,0,0.00,0.00
5640,A,直接访问,男,35,2,2025-07-26,0,0.00,0.00
5641,A,自然搜索,女,43,3,2025-06-25,0,0.00,0.00
5649,B,自然搜索,女,55,4,2025-07-31,0,0.00,0.00
5650,A,社交媒体,女,45,2,2025-07-13,0,0.00,0.00
5651,B,自然搜索,男,60,3,2025-07-17,0,0.00,0.00
5652,B,自然搜索,女,41,1,2025-06-21,0,0.00,0.00
5653,B,社交媒体,女,41,1,2025-07-08,0,0.00,0.00
5654,B,自然搜索,男,23,1,2025-06-06,0,0.00,0.00
5659,B,信息流广告,男,35,3,2025-07-14,0,0.00,0.00
5667,A,直接访问,男,31,1,2025-07-07,0,0.00,0.00
5668,A,自然搜索,女,25,2,2025-07-02,1,51.00,0.00
5669,B,短信/邮件营销,男,59,1,2025-06-05,0,0.00,0.00
5670,B,短信/邮件营销,男,45,1,2025-07-29,0,0.00,0.00
5674,B,社交媒体,女,41,2,2025-07-13,1,146.00,0.00
5675,B,直接访问,女,42,1,2025-07-30,0,0.00,0.00
5680,B,直接访问,女,25,4,2025-07-11,0,0.00,0.00
5683,A,自然搜索,女,38,1,2025-06-08,0,0.00,0.00
5684,A,短信/邮件营销,女,21,3,2025-07-19,0,0.00,0.00
5690,B,短信/邮件营销,男,48,3,2025-07-15,1,557.00,0.00
5694,A,自然搜索,女,43,2,2025-07-29,0,0.00,0.00
5699,A,信息流广告,女,37,2,2025-07-10,0,0.00,0.00
5701,B,信息流广告,男,26,2,2025-07-13,0,0.00,0.00
5703,A,信息流广告,女,42,3,2025-06-08,0,0.00,0.00
5704,B,短信/邮件营销,女,48,1,2025-06-07,0,0.00,0.00
5709,A,短信/邮件营销,女,28,2,2025-06-04,0,0.00,0.00
5710,A,直接访问,男,37,1,2025-06-25,0,0.00,0.00
5713,A,社交媒体,男,27,2,2025-06-18,2,511.00,0.00
5714,B,直接访问,男,60,4,2025-07-14,0,0.00,0.00
5715,A,信息流广告,女,23,4,2025-07-20,0,0.00,0.00
5716,A,直接访问,男,25,4,2025-07-28,0,0.00,0.00
5718,A,自然搜索,男,30,1,2025-06-19,0,0.00,0.00
5721,B,信息流广告,女,38,1,2025-07-25,0,0.00,0.00
5722,A,自然搜索,男,34,3,2025-06-24,0,0.00,0.00
5723,B,信息流广告,女,47,1,2025-07-19,0,0.00,0.00
5729,A,信息流广告,女,39,1,2025-07-20,0,0.00,0.00
5730,A,短信/邮件营销,男,30,2,2025-06-28,0,0.00,0.00
5731,A,社交媒体,女,33,1,2025-06-20,0,0.00,0.00
5738,B,信息流广告,女,38,1,2025-06-02,0,0.00,0.00
5739,A,自然搜索,男,23,3,2025-07-31,0,0.00,0.00
5741,B,信息流广告,女,41,3,2025-06-17,0,0.00,0.00
5750,B,短信/邮件营销,女,19,2,2025-07-17,1,60.64,17.36
5754,B,社交媒体,女,27,1,2025-06-28,0,0.00,0.00
5755,A,自然搜索,男,42,1,2025-07-10,0,0.00,0.00
5756,A,自然搜索,女,26,3,2025-06-12,0,0.00,0.00
5759,A,社交媒体,女,27,1,2025-07-12,0,0.00,0.00
5762,A,自然搜索,女,29,1,2025-06-17,0,0.00,0.00
5764,B,社交媒体,男,31,1,2025-07-10,0,0.00,0.00
5767,A,信息流广告,女,25,1,2025-06-24,0,0.00,0.00
5772,A,短信/邮件营销,女,23,1,2025-06-26,0,0.00,0.00
5773,B,自然搜索,女,61,4,2025-07-17,0,0.00,0.00
5775,B,短信/邮件营销,女,23,3,2025-07-27,0,0.00,0.00
5776,B,信息流广告,女,28,1,2025-07-04,0,0.00,0.00
5780,A,信息流广告,女,44,1,2025-06-02,0,0.00,0.00
5781,B,社交媒体,女,35,2,2025-07-27,1,88.44,17.56
5782,B,短信/邮件营销,男,23,2,2025-07-14,0,0.00,0.00
5792,A,社交媒体,女,37,4,2025-07-11,0,0.00,0.00
5803,B,自然搜索,男,39,3,2025-07-29,0,0.00,0.00
5804,B,自然搜索,女,31,3,2025-07-05,0,0.00,0.00
5806,B,自然搜索,男,40,2,2025-06-30,0,0.00,0.00
5815,A,信息流广告,女,25,2,2025-06-10,0,0.00,0.00
5816,A,社交媒体,女,52,4,2025-07-03,0,0.00,0.00
5821,A,自然搜索,男,22,3,2025-07-10,0,0.00,0.00
5823,A,自然搜索,男,23,2,2025-06-13,0,0.00,0.00
5826,A,社交媒体,男,52,3,2025-07-09,1,60.00,0.00
5828,A,短信/邮件营销,女,52,2,2025-06-03,0,0.00,0.00
5830,A,自然搜索,男,52,2,2025-07-24,1,422.00,0.00
5833,B,信息流广告,女,34,1,2025-07-24,0,0.00,0.00
5834,B,自然搜索,女,20,4,2025-06-11,0,0.00,0.00
5836,A,短信/邮件营销,男,26,3,2025-07-11,0,0.00,0.00
5840,A,自然搜索,男,46,3,2025-06-30,0,0.00,0.00
5842,A,社交媒体,女,32,2,2025-06-12,0,0.00,0.00
5849,B,社交媒体,男,27,3,2025-07-19,0,0.00,0.00
5850,A,自然搜索,女,28,1,2025-07-02,0,0.00,0.00
5851,B,社交媒体,女,19,2,2025-07-24,0,0.00,0.00
5852,B,直接访问,男,21,3,2025-06-07,0,0.00,0.00
5854,B,社交媒体,女,31,1,2025-07-11,0,0.00,0.00
5855,B,短信/邮件营销,女,31,3,2025-07-02,0,0.00,0.00
5856,B,社交媒体,男,46,3,2025-06-13,0,0.00,0.00
5858,B,自然搜索,女,24,3,2025-06-10,1,189.00,0.00
5859,B,信息流广告,女,28,2,2025-06-16,0,0.00,0.00
5861,A,短信/邮件营销,男,26,2,2025-06-10,0,0.00,0.00
5864,B,自然搜索,男,31,2,2025-06-23,1,186.00,0.00
5866,A,自然搜索,男,21,2,2025-07-09,0,0.00,0.00
5870,A,社交媒体,男,22,3,2025-06-10,0,0.00,0.00
5871,B,直接访问,女,45,1,2025-07-28,0,0.00,0.00
5873,A,信息流广告,女,36,3,2025-06-22,0,0.00,0.00
5877,A,自然搜索,男,25,1,2025-07-25,0,0.00,0.00
5880,A,直接访问,男,60,1,2025-06-08,0,0.00,0.00
5883,A,直接访问,男,25,1,2025-06-20,0,0.00,0.00
5884,A,自然搜索,男,30,3,2025-06-06,0,0.00,0.00
5886,A,社交媒体,女,29,4,2025-06-21,0,0.00,0.00
5893,B,信息流广告,女,33,4,2025-07-02,1,630.51,18.49
5897,A,信息流广告,男,25,1,2025-07-03,0,0.00,0.00
5909,B,信息流广告,女,20,3,2025-07-01,0,0.00,0.00
5910,B,自然搜索,女,26,2,2025-07-09,0,0.00,0.00
5914,B,社交媒体,女,24,1,2025-06-07,0,0.00,0.00
5922,B,社交媒体,女,38,2,2025-07-27,0,0.00,0.00
5928,B,社交媒体,女,43,2,2025-07-28,0,0.00,0.00
5931,B,信息流广告,女,22,3,2025-07-15,0,0.00,0.00
5937,B,社交媒体,女,22,2,2025-07-26,1,36.00,0.00
5942,A,自然搜索,女,58,3,2025-07-25,0,0.00,0.00
5943,B,自然搜索,男,18,3,2025-06-24,0,0.00,0.00
5945,A,直接访问,男,43,2,2025-06-29,0,0.00,0.00
5946,B,直接访问,女,60,3,2025-06-15,2,173.59,12.41
5950,B,自然搜索,女,31,1,2025-06-12,0,0.00,0.00
5951,B,短信/邮件营销,女,54,1,2025-06-24,0,0.00,0.00
5952,A,自然搜索,男,21,2,2025-06-23,0,0.00,0.00
5953,B,信息流广告,男,30,1,2025-07-24,0,0.00,0.00
5954,B,社交媒体,女,57,3,2025-07-10,0,0.00,0.00
5955,A,直接访问,男,18,2,2025-06-26,0,0.00,0.00
5956,A,自然搜索,男,41,1,2025-07-24,0,0.00,0.00
5959,A,信息流广告,女,30,3,2025-07-22,0,0.00,0.00
5960,B,信息流广告,女,28,1,2025-07-17,0,0.00,0.00
5965,B,短信/邮件营销,女,25,3,2025-06-24,0,0.00,0.00
5970,B,自然搜索,女,55,2,2025-07-04,0,0.00,0.00
5974,A,短信/邮件营销,女,34,3,2025-07-26,0,0.00,0.00
5975,B,直接访问,男,46,1,2025-06-12,1,1101.00,0.00
5980,A,信息流广告,男,28,2,2025-06-30,1,195.00,0.00
5983,B,直接访问,男,29,3,2025-07-28,0,0.00,0.00
5987,B,社交媒体,男,34,2,2025-07-26,0,0.00,0.00
5988,B,信息流广告,女,27,3,2025-07-17,0,0.00,0.00
5989,B,社交媒体,男,37,3,2025-07-15,0,0.00,0.00
5992,B,自然搜索,男,35,2,2025-07-19,0,0.00,0.00
5994,B,自然搜索,女,59,1,2025-07-18,1,356.00,0.00
6001,B,直接访问,男,32,2,2025-07-09,0,0.00,0.00
6005,A,短信/邮件营销,女,18,2,2025-07-22,0,0.00,0.00
6007,A,信息流广告,女,22,4,2025-07-19,0,0.00,0.00
6009,A,社交媒体,男,19,2,2025-06-11,1,76.00,0.00
6013,A,自然搜索,男,42,3,2025-07-13,0,0.00,0.00
6014,B,信息流广告,男,42,1,2025-07-21,0,0.00,0.00
6016,B,社交媒体,女,53,2,2025-07-13,0,0.00,0.00
6021,A,自然搜索,男,38,1,2025-07-24,0,0.00,0.00
6026,A,短信/邮件营销,女,39,2,2025-07-04,1,228.00,0.00
6030,B,社交媒体,女,32,4,2025-07-09,0,0.00,0.00
6031,A,信息流广告,女,33,1,2025-07-04,0,0.00,0.00
6035,A,信息流广告,女,27,3,2025-06-18,0,0.00,0.00
6036,A,社交媒体,男,57,2,2025-07-26,0,0.00,0.00
6040,B,社交媒体,女,38,3,2025-07-03,0,0.00,0.00
6045,B,自然搜索,男,35,2,2025-06-11,0,0.00,0.00
6049,A,自然搜索,男,19,2,2025-06-25,0,0.00,0.00
6050,A,自然搜索,男,31,3,2025-06-28,0,0.00,0.00
6052,B,自然搜索,女,56,3,2025-07-18,1,69.83,11.17
6056,A,自然搜索,男,28,3,2025-07-31,0,0.00,0.00
6058,B,社交媒体,女,58,3,2025-07-21,0,0.00,0.00
6060,A,信息流广告,男,56,2,2025-06-09,0,0.00,0.00
6063,B,信息流广告,女,21,1,2025-06-05,0,0.00,0.00
6064,A,短信/邮件营销,女,23,3,2025-07-15,0,0.00,0.00
6070,A,信息流广告,男,31,1,2025-07-31,0,0.00,0.00
6072,A,信息流广告,女,40,3,2025-06-02,0,0.00,0.00
6075,A,自然搜索,男,27,2,2025-07-12,0,0.00,0.00
6076,B,社交媒体,女,39,3,2025-07-26,0,0.00,0.00
6077,A,社交媒体,女,35,1,2025-06-07,0,0.00,0.00
6082,B,信息流广告,女,36,3,2025-07-17,0,0.00,0.00
6088,B,信息流广告,男,20,4,2025-07-24,0,0.00,0.00
6090,B,直接访问,男,33,2,2025-06-05,1,1043.81,11.19
6095,B,信息流广告,女,45,2,2025-06-06,0,0.00,0.00
6099,B,自然搜索,女,40,1,2025-06-04,0,0.00,0.00
6101,A,社交媒体,男,26,2,2025-07-06,0,0.00,0.00
6108,B,社交媒体,男,43,2,2025-06-09,0,0.00,0.00
6110,A,社交媒体,女,31,2,2025-06-06,0,0.00,0.00
6111,A,社交媒体,女,38,3,2025-07-27,0,0.00,0.00
6112,B,自然搜索,女,25,1,2025-07-28,0,0.00,0.00
6124,A,短信/邮件营销,男,39,1,2025-06-13,0,0.00,0.00
6129,B,社交媒体,女,56,2,2025-07-06,0,0.00,0.00
6131,B,信息流广告,女,20,3,2025-07-03,0,0.00,0.00
6137,A,直接访问,女,32,2,2025-07-15,0,0.00,0.00
6140,A,短信/邮件营销,男,24,2,2025-07-06,0,0.00,0.00
6143,A,直接访问,女,31,3,2025-06-30,0,0.00,0.00
6147,B,自然搜索,男,26,4,2025-06-02,0,0.00,0.00
6148,B,自然搜索,男,21,2,2025-07-21,0,0.00,0.00
6150,A,自然搜索,男,34,1,2025-07-21,0,0.00,0.00
6151,B,社交媒体,男,40,1,2025-07-31,0,0.00,0.00
6153,B,自然搜索,男,18,3,2025-07-02,0,0.00,0.00
6157,A,信息流广告,女,44,4,2025-07-09,0,0.00,0.00
6162,A,信息流广告,男,19,1,2025-06-23,0,0.00,0.00
6163,B,自然搜索,女,22,1,2025-06-20,0,0.00,0.00
6166,B,直接访问,女,30,1,2025-06-22,0,0.00,0.00
6169,B,社交媒体,男,29,2,2025-06-09,0,0.00,0.00
6171,A,直接访问,女,39,3,2025-07-17,0,0.00,0.00
6172,A,信息流广告,男,37,2,2025-07-01,0,0.00,0.00
6177,A,社交媒体,女,55,1,2025-07-09,0,0.00,0.00
6181,A,信息流广告,男,56,4,2025-07-20,0,0.00,0.00
6183,A,信息流广告,男,33,1,2025-07-11,0,0.00,0.00
6186,B,信息流广告,女,29,2,2025-06-27,1,32.17,18.83
6189,A,信息流广告,男,39,2,2025-07-06,0,0.00,0.00
6191,A,自然搜索,男,20,2,2025-06-08,0,0.00,0.00
6202,B,短信/邮件营销,男,20,3,2025-06-27,0,0.00,0.00
6203,B,信息流广告,男,29,3,2025-06-23,0,0.00,0.00
6204,A,信息流广告,男,33,2,2025-07-05,0,0.00,0.00
6210,B,直接访问,女,45,2,2025-06-29,1,58.00,0.00
6214,A,信息流广告,男,22,2,2025-07-25,0,0.00,0.00
6218,B,自然搜索,男,24,1,2025-06-15,0,0.00,0.00
6220,B,信息流广告,男,27,4,2025-06-19,0,0.00,0.00
6222,B,自然搜索,男,42,1,2025-06-24,0,0.00,0.00
6224,A,短信/邮件营销,男,39,2,2025-06-08,0,0.00,0.00
6227,B,自然搜索,女,18,3,2025-07-30,1,91.00,0.00
6228,A,自然搜索,男,28,3,2025-07-07,1,464.00,0.00
6229,A,信息流广告,女,41,4,2025-07-10,0,0.00,0.00
6233,B,自然搜索,女,27,4,2025-06-15,0,0.00,0.00
6239,A,信息流广告,女,28,3,2025-06-25,0,0.00,0.00
6243,A,自然搜索,女,27,1,2025-07-23,0,0.00,0.00
6244,A,自然搜索,女,24,4,2025-07-01,0,0.00,0.00
6246,B,社交媒体,男,40,4,2025-07-07,0,0.00,0.00
6247,B,信息流广告,女,34,2,2025-06-13,0,0.00,0.00
6256,B,社交媒体,女,50,1,2025-07-09,0,0.00,0.00
6259,A,自然搜索,女,26,2,2025-06-03,0,0.00,0.00
6260,A,自然搜索,女,30,3,2025-07-19,0,0.00,0.00
6262,A,自然搜索,男,19,1,2025-06-23,0,0.00,0.00
6265,A,信息流广告,女,33,2,2025-07-31,0,0.00,0.00
6266,A,短信/邮件营销,女,45,3,2025-07-27,0,0.00,0.00
6268,A,短信/邮件营销,女,59,2,2025-06-02,0,0.00,0.00
6270,A,直接访问,女,31,1,2025-07-27,0,0.00,0.00
6271,B,信息流广告,女,32,2,2025-06-14,0,0.00,0.00
6274,B,信息流广告,男,30,3,2025-06-30,0,0.00,0.00
6275,B,自然搜索,男,32,3,2025-06-14,0,0.00,0.00
6276,B,自然搜索,女,60,4,2025-07-26,0,0.00,0.00
6279,A,自然搜索,男,36,1,2025-07-04,0,0.00,0.00
6280,A,直接访问,男,31,1,2025-07-31,0,0.00,0.00
6282,B,直接访问,男,43,1,2025-07-01,0,0.00,0.00
6283,B,自然搜索,男,36,3,2025-06-11,0,0.00,0.00
6284,A,自然搜索,男,27,3,2025-07-14,0,0.00,0.00
6289,B,直接访问,男,41,3,2025-06-06,0,0.00,0.00
6290,A,社交媒体,女,33,2,2025-07-04,0,0.00,0.00
6291,B,短信/邮件营销,女,24,4,2025-07-31,0,0.00,0.00
6294,A,信息流广告,女,19,2,2025-07-19,1,92.00,0.00
6298,A,自然搜索,女,19,1,2025-06-20,0,0.00,0.00
6299,B,短信/邮件营销,女,25,4,2025-07-18,0,0.00,0.00
6302,A,信息流广告,女,31,2,2025-06-25,0,0.00,0.00
6303,A,自然搜索,女,42,4,2025-07-27,1,426.00,0.00
6305,B,自然搜索,女,57,1,2025-07-09,0,0.00,0.00
6306,B,自然搜索,女,24,1,2025-06-20,0,0.00,0.00
6309,B,自然搜索,男,32,1,2025-07-26,0,0.00,0.00
6314,B,短信/邮件营销,女,22,3,2025-07-03,1,58.00,0.00
6317,B,自然搜索,女,54,2,2025-07-12,0,0.00,0.00
6321,B,自然搜索,女,18,3,2025-07-20,1,734.00,0.00
6323,B,自然搜索,女,23,1,2025-07-18,0,0.00,0.00
6324,A,自然搜索,男,25,1,2025-06-21,0,0.00,0.00
6325,B,信息流广告,男,33,1,2025-07-23,0,0.00,0.00
6330,B,信息流广告,男,22,2,2025-06-02,0,0.00,0.00
6332,B,社交媒体,女,28,2,2025-07-16,0,0.00,0.00
6336,B,直接访问,男,22,3,2025-06-30,0,0.00,0.00
6344,A,信息流广告,女,31,1,2025-06-03,0,0.00,0.00
6345,B,信息流广告,男,34,3,2025-06-14,0,0.00,0.00
6346,B,直接访问,男,34,3,2025-07-10,0,0.00,0.00
6347,B,自然搜索,女,30,1,2025-06-04,0,0.00,0.00
6349,A,自然搜索,女,36,2,2025-07-20,0,0.00,0.00
6350,A,信息流广告,女,30,1,2025-07-24,0,0.00,0.00
6352,B,直接访问,女,33,2,2025-07-31,0,0.00,0.00
6370,A,信息流广告,女,60,2,2025-06-18,0,0.00,0.00
6371,A,自然搜索,女,27,2,2025-07-14,1,312.00,0.00
6372,B,自然搜索,男,38,1,2025-07-18,1,58.00,0.00
6375,B,自然搜索,男,22,1,2025-07-16,0,0.00,0.00
6376,A,信息流广告,女,40,3,2025-06-18,0,0.00,0.00
6378,B,自然搜索,女,18,3,2025-06-11,0,0.00,0.00
6381,A,信息流广告,女,42,2,2025-06-02,0,0.00,0.00
6393,A,短信/邮件营销,男,43,1,2025-07-02,0,0.00,0.00
6394,A,信息流广告,女,39,3,2025-06-03,0,0.00,0.00
6395,A,直接访问,男,56,1,2025-07-01,1,573.00,0.00
6406,A,自然搜索,女,55,3,2025-07-24,0,0.00,0.00
6407,A,自然搜索,女,54,1,2025-06-19,0,0.00,0.00
6408,B,短信/邮件营销,女,23,1,2025-06-09,0,0.00,0.00
6415,B,自然搜索,女,31,1,2025-07-20,0,0.00,0.00
6417,B,短信/邮件营销,男,26,4,2025-06-15,0,0.00,0.00
6419,A,直接访问,女,54,1,2025-06-23,0,0.00,0.00
6420,A,短信/邮件营销,女,33,2,2025-07-30,0,0.00,0.00
6423,A,信息流广告,男,20,3,2025-07-28,0,0.00,0.00
6428,A,信息流广告,女,26,2,2025-07-21,0,0.00,0.00
6429,B,自然搜索,女,24,2,2025-07-15,0,0.00,0.00
6431,B,短信/邮件营销,女,28,3,2025-07-04,0,0.00,0.00
6436,B,自然搜索,男,24,2,2025-07-05,0,0.00,0.00
6439,B,自然搜索,男,26,2,2025-06-18,1,202.00,0.00
6440,A,信息流广告,男,44,4,2025-06-15,0,0.00,0.00
6443,A,信息流广告,男,28,2,2025-06-08,0,0.00,0.00
6450,A,自然搜索,男,54,2,2025-07-13,0,0.00,0.00
6455,A,社交媒体,男,26,2,2025-06-22,0,0.00,0.00
6456,B,短信/邮件营销,男,30,1,2025-06-03,0,0.00,0.00
6457,A,自然搜索,男,48,3,2025-07-10,0,0.00,0.00
6459,A,直接访问,男,37,3,2025-06-29,0,0.00,0.00
6464,A,信息流广告,男,44,4,2025-06-27,0,0.00,0.00
6468,B,信息流广告,男,52,4,2025-07-21,0,0.00,0.00
6470,A,直接访问,男,57,1,2025-06-05,0,0.00,0.00
6472,B,社交媒体,男,34,1,2025-07-10,0,0.00,0.00
6473,B,短信/邮件营销,女,19,3,2025-07-14,0,0.00,0.00
6484,A,社交媒体,男,23,3,2025-06-02,0,0.00,0.00
6486,B,短信/邮件营销,女,19,2,2025-07-26,0,0.00,0.00
6487,B,信息流广告,女,30,1,2025-06-11,1,361.85,10.15
6489,A,短信/邮件营销,女,38,1,2025-06-18,0,0.00,0.00
6493,A,自然搜索,女,43,2,2025-07-23,0,0.00,0.00
6494,A,社交媒体,女,27,2,2025-06-27,0,0.00,0.00
6498,A,信息流广告,女,29,3,2025-06-26,0,0.00,0.00
6499,A,信息流广告,女,42,2,2025-06-06,0,0.00,0.00
6502,B,自然搜索,男,29,3,2025-07-21,0,0.00,0.00
6503,B,社交媒体,女,37,3,2025-07-06,0,0.00,0.00
6507,B,短信/邮件营销,男,28,4,2025-06-30,0,0.00,0.00
6511,A,社交媒体,女,34,3,2025-07-18,0,0.00,0.00
6514,B,信息流广告,男,23,1,2025-06-21,0,0.00,0.00
6515,B,自然搜索,男,21,3,2025-07-28,0,0.00,0.00
6518,B,社交媒体,男,59,1,2025-06-16,0,0.00,0.00
6522,B,自然搜索,男,23,3,2025-06-11,1,107.00,0.00
6523,A,社交媒体,女,33,2,2025-07-03,0,0.00,0.00
6526,B,直接访问,女,61,1,2025-07-26,1,85.58,15.42
6527,A,自然搜索,男,34,4,2025-06-14,1,80.00,0.00
6529,B,自然搜索,男,55,3,2025-07-28,0,0.00,0.00
6530,A,短信/邮件营销,女,33,1,2025-07-28,0,0.00,0.00
6531,B,短信/邮件营销,女,20,1,2025-07-05,0,0.00,0.00
6533,B,自然搜索,女,31,3,2025-06-16,0,0.00,0.00
6537,B,自然搜索,女,22,3,2025-07-26,0,0.00,0.00
6538,B,短信/邮件营销,女,40,2,2025-07-03,0,0.00,0.00
6539,A,信息流广告,女,34,4,2025-06-28,0,0.00,0.00
6545,A,社交媒体,女,59,2,2025-07-16,0,0.00,0.00
6550,A,信息流广告,男,29,4,2025-06-17,0,0.00,0.00
6552,A,信息流广告,女,31,1,2025-06-07,0,0.00,0.00
6561,B,自然搜索,女,23,3,2025-07-04,0,0.00,0.00
6564,A,自然搜索,男,44,2,2025-07-02,0,0.00,0.00
6565,B,信息流广告,男,28,1,2025-07-14,0,0.00,0.00
6572,A,信息流广告,男,35,1,2025-06-04,0,0.00,0.00
6574,A,社交媒体,男,43,2,2025-06-06,0,0.00,0.00
6577,A,社交媒体,女,25,4,2025-07-25,0,0.00,0.00
6582,B,直接访问,男,51,1,2025-06-03,0,0.00,0.00
6583,B,社交媒体,男,58,3,2025-07-03,0,0.00,0.00
6584,A,自然搜索,女,27,2,2025-06-15,0,0.00,0.00
6591,B,自然搜索,女,25,2,2025-06-24,0,0.00,0.00
6593,B,社交媒体,女,23,1,2025-07-26,0,0.00,0.00
6595,A,自然搜索,女,26,2,2025-06-23,0,0.00,0.00
6598,A,自然搜索,女,44,3,2025-07-09,0,0.00,0.00
6599,B,社交媒体,女,27,3,2025-06-11,1,58.00,0.00
6600,B,信息流广告,女,47,1,2025-06-06,0,0.00,0.00
6601,A,信息流广告,男,36,1,2025-06-13,0,0.00,0.00
6602,B,社交媒体,男,33,2,2025-07-07,0,0.00,0.00
6606,A,社交媒体,女,59,4,2025-06-07,0,0.00,0.00
6611,A,信息流广告,男,30,2,2025-06-07,1,160.00,0.00
6613,A,自然搜索,女,41,3,2025-07-20,1,144.00,0.00
6614,A,直接访问,女,35,3,2025-06-28,0,0.00,0.00
6615,B,社交媒体,男,23,3,2025-07-08,0,0.00,0.00
6616,B,社交媒体,女,31,1,2025-06-30,0,0.00,0.00
6618,B,社交媒体,男,44,2,2025-06-20,0,0.00,0.00
6619,B,社交媒体,男,40,2,2025-07-30,0,0.00,0.00
6621,B,直接访问,女,29,3,2025-06-30,0,0.00,0.00
6622,A,自然搜索,女,23,1,2025-07-04,1,422.00,0.00
6625,A,自然搜索,男,22,3,2025-06-12,0,0.00,0.00
6626,A,自然搜索,男,25,4,2025-06-19,0,0.00,0.00
6627,A,短信/邮件营销,女,42,3,2025-06-26,0,0.00,0.00
6629,A,社交媒体,女,40,2,2025-06-06,0,0.00,0.00
6630,A,信息流广告,男,26,3,2025-07-07,0,0.00,0.00
6631,B,社交媒体,女,50,3,2025-07-05,0,0.00,0.00
6634,A,直接访问,女,22,3,2025-06-21,0,0.00,0.00
6639,B,信息流广告,女,18,3,2025-07-20,0,0.00,0.00
6642,A,信息流广告,女,21,4,2025-07-29,0,0.00,0.00
6647,B,自然搜索,女,59,2,2025-06-10,0,0.00,0.00
6648,A,自然搜索,女,30,4,2025-06-25,2,74.00,0.00
6649,B,自然搜索,女,32,3,2025-06-08,0,0.00,0.00
6652,A,信息流广告,女,20,3,2025-06-28,0,0.00,0.00
6653,B,信息流广告,男,32,4,2025-06-22,0,0.00,0.00
6654,A,自然搜索,女,31,2,2025-07-17,0,0.00,0.00
6659,B,自然搜索,男,32,1,2025-07-17,0,0.00,0.00
6665,A,自然搜索,男,23,1,2025-06-26,0,0.00,0.00
6666,A,社交媒体,男,19,4,2025-07-24,1,1046.00,0.00
6667,A,直接访问,女,21,2,2025-06-21,0,0.00,0.00
6672,A,信息流广告,女,37,4,2025-07-19,0,0.00,0.00
6674,A,信息流广告,女,18,4,2025-07-12,0,0.00,0.00
6675,B,社交媒体,男,33,2,2025-07-23,0,0.00,0.00
6678,B,信息流广告,女,30,2,2025-07-27,0,0.00,0.00
6679,A,短信/邮件营销,男,27,3,2025-06-30,0,0.00,0.00
6680,A,信息流广告,女,22,4,2025-06-09,0,0.00,0.00
6682,B,自然搜索,女,40,3,2025-06-09,0,0.00,0.00
6684,A,自然搜索,女,20,2,2025-07-22,0,0.00,0.00
6688,A,信息流广告,女,22,4,2025-06-27,0,0.00,0.00
6692,A,社交媒体,女,28,4,2025-07-02,0,0.00,0.00
6693,A,信息流广告,女,55,2,2025-07-28,1,297.00,0.00
6697,B,信息流广告,男,19,2,2025-06-06,0,0.00,0.00
6698,B,直接访问,女,32,2,2025-06-02,0,0.00,0.00
6701,A,信息流广告,女,31,2,2025-07-08,0,0.00,0.00
6703,A,社交媒体,女,38,1,2025-07-12,0,0.00,0.00
6707,A,自然搜索,女,21,2,2025-06-02,0,0.00,0.00
6709,A,短信/邮件营销,女,19,2,2025-06-20,0,0.00,0.00
6711,A,短信/邮件营销,男,49,3,2025-07-18,0,0.00,0.00
6714,A,短信/邮件营销,男,32,2,2025-06-16,0,0.00,0.00
6715,B,自然搜索,男,36,1,2025-06-30,0,0.00,0.00
6717,B,信息流广告,男,38,2,2025-07-08,0,0.00,0.00
6719,B,信息流广告,男,23,1,2025-07-18,0,0.00,0.00
6720,B,信息流广告,男,20,3,2025-07-15,0,0.00,0.00
6722,A,自然搜索,男,37,2,2025-07-17,0,0.00,0.00
6723,A,社交媒体,男,27,3,2025-06-19,0,0.00,0.00
6725,B,信息流广告,男,38,3,2025-07-25,0,0.00,0.00
6734,B,短信/邮件营销,女,29,3,2025-06-08,0,0.00,0.00
6740,A,自然搜索,男,56,2,2025-07-20,0,0.00,0.00
6747,A,信息流广告,女,31,3,2025-07-13,0,0.00,0.00
6749,B,社交媒体,女,25,2,2025-07-19,1,57.27,14.73
6768,B,社交媒体,男,51,4,2025-07-19,0,0.00,0.00
6777,A,自然搜索,男,27,2,2025-07-21,0,0.00,0.00
6778,B,信息流广告,女,42,3,2025-07-14,0,0.00,0.00
6780,A,直接访问,女,29,2,2025-07-13,0,0.00,0.00
6784,A,信息流广告,女,19,2,2025-06-04,0,0.00,0.00
6788,B,直接访问,女,29,2,2025-07-09,0,0.00,0.00
6792,B,信息流广告,女,35,2,2025-06-08,0,0.00,0.00
6794,B,社交媒体,女,30,4,2025-07-09,0,0.00,0.00
6796,B,信息流广告,男,32,1,2025-06-28,0,0.00,0.00
6797,B,短信/邮件营销,女,21,3,2025-07-23,0,0.00,0.00
6802,B,自然搜索,女,21,2,2025-07-30,0,0.00,0.00
6804,A,信息流广告,女,44,4,2025-06-19,0,0.00,0.00
6809,B,直接访问,男,39,4,2025-07-26,0,0.00,0.00
6818,B,社交媒体,女,48,1,2025-07-07,0,0.00,0.00
6820,B,信息流广告,男,56,1,2025-06-13,0,0.00,0.00
6822,B,信息流广告,男,41,4,2025-07-18,0,0.00,0.00
6825,A,信息流广告,男,39,1,2025-07-25,0,0.00,0.00
6826,A,自然搜索,女,48,4,2025-07-11,0,0.00,0.00
6827,B,信息流广告,女,25,3,2025-07-20,0,0.00,0.00
6832,A,自然搜索,女,32,3,2025-07-29,0,0.00,0.00
6833,A,社交媒体,男,30,1,2025-06-16,0,0.00,0.00
6835,B,社交媒体,男,46,2,2025-07-22,0,0.00,0.00
6840,B,自然搜索,女,21,1,2025-06-21,0,0.00,0.00
6846,B,自然搜索,男,32,3,2025-07-14,0,0.00,0.00
6848,A,短信/邮件营销,男,43,2,2025-07-27,0,0.00,0.00
6849,B,社交媒体,男,40,3,2025-06-23,0,0.00,0.00
6861,B,信息流广告,男,20,1,2025-06-19,0,0.00,0.00
6865,A,社交媒体,男,33,1,2025-07-09,0,0.00,0.00
6867,A,短信/邮件营销,女,33,2,2025-06-11,0,0.00,0.00
6868,A,信息流广告,女,29,2,2025-06-14,0,0.00,0.00
6874,B,信息流广告,女,19,2,2025-06-07,0,0.00,0.00
6877,B,信息流广告,女,34,1,2025-07-14,0,0.00,0.00
6878,A,信息流广告,女,50,3,2025-06-07,0,0.00,0.00
6881,A,信息流广告,女,32,1,2025-06-12,0,0.00,0.00
6882,B,自然搜索,女,27,1,2025-06-04,0,0.00,0.00
6883,A,社交媒体,女,39,4,2025-06-28,0,0.00,0.00
6884,B,直接访问,女,40,1,2025-07-28,0,0.00,0.00
6885,A,短信/邮件营销,男,39,1,2025-07-12,0,0.00,0.00
6890,B,社交媒体,女,60,4,2025-07-03,0,0.00,0.00
6891,B,自然搜索,男,57,1,2025-07-23,0,0.00,0.00
6896,B,信息流广告,男,34,1,2025-06-07,0,0.00,0.00
6897,A,自然搜索,女,28,2,2025-06-13,0,0.00,0.00
6901,A,信息流广告,男,39,2,2025-07-19,0,0.00,0.00
6906,A,直接访问,男,29,2,2025-06-11,0,0.00,0.00
6907,A,信息流广告,男,21,2,2025-07-04,0,0.00,0.00
6910,B,自然搜索,女,26,2,2025-07-24,0,0.00,0.00
6922,A,短信/邮件营销,女,23,2,2025-06-29,0,0.00,0.00
6923,B,信息流广告,女,50,2,2025-06-19,0,0.00,0.00
6926,B,自然搜索,女,19,4,2025-07-29,0,0.00,0.00
6932,B,短信/邮件营销,男,24,1,2025-06-03,0,0.00,0.00
6941,A,信息流广告,男,49,2,2025-06-08,0,0.00,0.00
6942,B,自然搜索,女,32,1,2025-07-21,0,0.00,0.00
6943,B,自然搜索,男,34,2,2025-06-06,0,0.00,0.00
6944,B,短信/邮件营销,女,31,2,2025-07-09,0,0.00,0.00
6947,B,信息流广告,女,34,4,2025-07-16,0,0.00,0.00
6949,B,信息流广告,女,37,3,2025-06-19,0,0.00,0.00
6950,A,社交媒体,女,27,2,2025-07-04,0,0.00,0.00
6955,A,自然搜索,女,36,2,2025-07-27,0,0.00,0.00
6957,A,自然搜索,女,51,1,2025-06-18,0,0.00,0.00
6960,B,自然搜索,女,33,3,2025-07-23,0,0.00,0.00
6966,A,信息流广告,女,19,3,2025-06-17,0,0.00,0.00
6967,A,信息流广告,女,59,2,2025-06-04,0,0.00,0.00
6968,A,短信/邮件营销,女,27,1,2025-07-18,0,0.00,0.00
6970,B,自然搜索,男,24,1,2025-07-22,0,0.00,0.00
6981,B,短信/邮件营销,男,43,1,2025-06-22,0,0.00,0.00
6982,B,自然搜索,女,26,2,2025-06-22,0,0.00,0.00
6983,B,直接访问,女,47,2,2025-06-08,0,0.00,0.00
6985,A,自然搜索,男,31,3,2025-07-26,1,188.00,0.00
6990,B,社交媒体,女,25,2,2025-07-25,0,0.00,0.00
6991,A,自然搜索,女,33,4,2025-06-29,0,0.00,0.00
6993,B,直接访问,女,58,3,2025-06-09,0,0.00,0.00
6994,A,短信/邮件营销,男,26,3,2025-07-17,1,60.00,0.00
6995,B,社交媒体,女,28,2,2025-07-10,1,170.00,0.00
6996,A,自然搜索,女,44,4,2025-07-25,0,0.00,0.00
7003,A,自然搜索,男,42,1,2025-06-16,0,0.00,0.00
7006,B,信息流广告,女,25,4,2025-06-07,0,0.00,0.00
7007,A,社交媒体,女,43,3,2025-06-29,0,0.00,0.00
7008,A,短信/邮件营销,男,43,2,2025-07-24,0,0.00,0.00
7010,A,信息流广告,男,41,3,2025-06-04,0,0.00,0.00
7019,A,社交媒体,男,19,2,2025-07-29,0,0.00,0.00
7021,B,社交媒体,男,42,3,2025-06-05,0,0.00,0.00
7024,B,信息流广告,男,31,3,2025-06-03,0,0.00,0.00
7026,A,社交媒体,女,35,4,2025-07-27,0,0.00,0.00
7032,A,直接访问,女,26,1,2025-06-23,0,0.00,0.00
7034,A,短信/邮件营销,男,38,4,2025-06-22,0,0.00,0.00
7035,A,社交媒体,女,35,4,2025-07-27,0,0.00,0.00
7037,A,信息流广告,女,44,4,2025-07-18,0,0.00,0.00
7041,A,信息流广告,女,24,1,2025-06-22,0,0.00,0.00
7046,A,社交媒体,男,58,2,2025-07-19,0,0.00,0.00
7053,A,自然搜索,女,29,4,2025-06-04,0,0.00,0.00
7061,B,短信/邮件营销,男,24,3,2025-06-02,0,0.00,0.00
7062,B,社交媒体,男,30,2,2025-07-11,0,0.00,0.00
7064,A,信息流广告,男,24,1,2025-06-22,1,62.00,0.00
7069,B,直接访问,男,22,2,2025-06-15,0,0.00,0.00
7071,B,自然搜索,女,40,3,2025-06-04,0,0.00,0.00
7073,B,自然搜索,男,20,4,2025-06-19,0,0.00,0.00
7079,A,短信/邮件营销,女,46,3,2025-06-02,0,0.00,0.00
7081,A,社交媒体,女,36,4,2025-07-23,1,162.00,0.00
7086,A,自然搜索,女,37,3,2025-06-20,0,0.00,0.00
7087,A,社交媒体,女,50,4,2025-07-22,0,0.00,0.00
7092,A,信息流广告,女,29,1,2025-07-07,0,0.00,0.00
7098,A,信息流广告,女,34,2,2025-07-10,0,0.00,0.00
7101,B,社交媒体,女,60,1,2025-07-15,1,142.00,0.00
7102,B,短信/邮件营销,女,26,4,2025-07-05,0,0.00,0.00
7103,B,信息流广告,女,32,3,2025-06-10,0,0.00,0.00
7104,A,信息流广告,女,34,2,2025-07-25,0,0.00,0.00
7108,A,信息流广告,男,53,4,2025-07-18,0,0.00,0.00
7109,A,社交媒体,男,39,3,2025-07-10,0,0.00,0.00
7110,A,短信/邮件营销,男,35,1,2025-07-07,1,89.00,0.00
7113,A,自然搜索,女,24,1,2025-06-26,0,0.00,0.00
7115,B,自然搜索,男,18,4,2025-06-22,1,2160.00,0.00
7118,A,短信/邮件营销,男,32,1,2025-06-30,0,0.00,0.00
7121,B,直接访问,女,39,3,2025-07-31,0,0.00,0.00
7123,A,自然搜索,女,41,1,2025-06-11,0,0.00,0.00
7124,B,社交媒体,男,21,2,2025-07-26,0,0.00,0.00
7125,B,信息流广告,男,42,1,2025-07-29,0,0.00,0.00
7129,A,直接访问,男,37,1,2025-06-16,0,0.00,0.00
7130,A,社交媒体,男,35,2,2025-06-29,0,0.00,0.00
7131,A,信息流广告,男,35,2,2025-07-17,0,0.00,0.00
7132,A,信息流广告,男,18,3,2025-06-14,0,0.00,0.00
7143,B,信息流广告,女,42,1,2025-06-22,0,0.00,0.00
7144,A,社交媒体,男,27,2,2025-06-23,0,0.00,0.00
7145,A,自然搜索,男,43,1,2025-07-29,0,0.00,0.00
7147,A,自然搜索,男,25,4,2025-06-23,1,36.00,0.00
7153,A,自然搜索,女,50,1,2025-06-11,0,0.00,0.00
7155,B,信息流广告,女,24,1,2025-06-21,0,0.00,0.00
7159,A,自然搜索,女,20,3,2025-07-09,0,0.00,0.00
7161,A,直接访问,女,22,1,2025-06-20,0,0.00,0.00
7162,A,社交媒体,女,57,3,2025-06-23,0,0.00,0.00
7164,A,短信/邮件营销,女,51,1,2025-06-12,0,0.00,0.00
7165,A,信息流广告,男,19,2,2025-07-19,0,0.00,0.00
7169,B,短信/邮件营销,男,56,4,2025-06-11,0,0.00,0.00
7170,A,自然搜索,女,27,1,2025-07-24,0,0.00,0.00
7180,A,直接访问,女,26,2,2025-07-04,0,0.00,0.00
7181,A,信息流广告,男,25,1,2025-06-03,0,0.00,0.00
7186,A,短信/邮件营销,男,47,1,2025-06-24,0,0.00,0.00
7187,B,短信/邮件营销,男,37,1,2025-06-27,1,108.00,0.00
7189,A,信息流广告,女,27,3,2025-06-10,0,0.00,0.00
7190,B,短信/邮件营销,女,40,2,2025-07-16,0,0.00,0.00
7191,B,信息流广告,女,43,1,2025-07-07,0,0.00,0.00
7195,A,直接访问,男,31,3,2025-06-04,0,0.00,0.00
7197,A,信息流广告,女,37,3,2025-07-26,0,0.00,0.00
7198,B,自然搜索,男,27,3,2025-07-19,0,0.00,0.00
7199,B,自然搜索,男,51,3,2025-07-20,0,0.00,0.00
7202,B,信息流广告,女,37,1,2025-06-05,0,0.00,0.00
7204,A,社交媒体,男,44,3,2025-06-09,0,0.00,0.00
7207,B,自然搜索,女,32,2,2025-06-26,0,0.00,0.00
7211,B,自然搜索,女,33,2,2025-07-14,0,0.00,0.00
7213,A,信息流广告,女,36,3,2025-06-24,0,0.00,0.00
7217,A,社交媒体,女,43,1,2025-06-29,0,0.00,0.00
7219,A,自然搜索,男,50,4,2025-07-06,0,0.00,0.00
7222,B,信息流广告,女,19,2,2025-06-07,0,0.00,0.00
7229,A,短信/邮件营销,男,23,1,2025-07-14,0,0.00,0.00
7230,B,信息流广告,女,22,4,2025-06-15,1,131.00,0.00
7234,B,短信/邮件营销,女,27,3,2025-06-20,0,0.00,0.00
7236,A,社交媒体,男,26,1,2025-06-19,0,0.00,0.00
7241,A,自然搜索,男,31,2,2025-07-20,0,0.00,0.00
7243,A,信息流广告,女,28,1,2025-06-28,0,0.00,0.00
7244,B,自然搜索,男,41,2,2025-07-01,0,0.00,0.00
7246,A,自然搜索,男,29,4,2025-07-07,0,0.00,0.00
7250,A,自然搜索,男,43,2,2025-07-11,0,0.00,0.00
7255,A,社交媒体,女,30,3,2025-06-16,0,0.00,0.00
7256,B,短信/邮件营销,女,32,2,2025-07-09,0,0.00,0.00
7263,B,自然搜索,男,19,4,2025-06-09,0,0.00,0.00
7270,A,信息流广告,男,42,4,2025-06-05,0,0.00,0.00
7272,A,社交媒体,女,32,1,2025-06-07,0,0.00,0.00
7273,A,短信/邮件营销,男,56,3,2025-06-29,0,0.00,0.00
7276,B,信息流广告,女,31,1,2025-06-25,0,0.00,0.00
7277,A,短信/邮件营销,男,42,1,2025-07-08,0,0.00,0.00
7278,A,自然搜索,女,28,1,2025-07-03,0,0.00,0.00
7284,B,自然搜索,男,61,3,2025-06-08,1,535.00,0.00
7285,A,自然搜索,男,24,4,2025-07-16,0,0.00,0.00
7286,B,社交媒体,女,30,1,2025-07-23,1,347.03,19.97
7287,B,信息流广告,女,57,3,2025-06-10,0,0.00,0.00
7291,B,自然搜索,男,52,4,2025-06-15,0,0.00,0.00
7292,A,社交媒体,女,25,3,2025-06-20,0,0.00,0.00
7294,B,短信/邮件营销,男,34,3,2025-07-25,0,0.00,0.00
7295,A,信息流广告,女,33,2,2025-06-06,0,0.00,0.00
7297,B,自然搜索,女,19,3,2025-06-18,0,0.00,0.00
7311,A,直接访问,女,37,2,2025-06-29,0,0.00,0.00
7312,A,短信/邮件营销,男,36,2,2025-07-07,0,0.00,0.00
7315,B,社交媒体,男,33,3,2025-06-04,0,0.00,0.00
7316,B,信息流广告,女,24,3,2025-06-25,0,0.00,0.00
7318,B,社交媒体,男,31,3,2025-06-21,0,0.00,0.00
7334,B,自然搜索,男,41,3,2025-06-03,1,83.00,0.00
7335,B,社交媒体,男,32,3,2025-07-10,0,0.00,0.00
7338,B,直接访问,女,55,2,2025-07-23,0,0.00,0.00
7342,A,信息流广告,男,31,3,2025-07-18,0,0.00,0.00
7348,A,自然搜索,男,40,4,2025-07-24,0,0.00,0.00
7349,A,短信/邮件营销,男,38,3,2025-06-05,1,322.00,0.00
7352,A,信息流广告,男,61,2,2025-06-12,0,0.00,0.00
7353,A,自然搜索,男,40,1,2025-06-09,0,0.00,0.00
7356,B,信息流广告,女,54,1,2025-06-26,0,0.00,0.00
7358,A,短信/邮件营销,男,30,1,2025-07-15,0,0.00,0.00
7359,A,自然搜索,女,28,1,2025-06-10,0,0.00,0.00
7366,A,社交媒体,男,18,3,2025-06-24,0,0.00,0.00
7368,A,信息流广告,女,29,1,2025-07-31,0,0.00,0.00
7370,B,自然搜索,女,38,2,2025-06-09,0,0.00,0.00
7371,B,自然搜索,女,20,2,2025-06-15,0,0.00,0.00
7375,A,自然搜索,男,21,3,2025-07-28,0,0.00,0.00
7381,A,直接访问,女,27,3,2025-06-08,0,0.00,0.00
7384,B,信息流广告,男,34,1,2025-06-30,0,0.00,0.00
7386,B,信息流广告,女,46,4,2025-07-06,0,0.00,0.00
7387,B,直接访问,女,42,4,2025-07-10,0,0.00,0.00
7388,A,自然搜索,女,24,2,2025-07-03,0,0.00,0.00
7389,B,自然搜索,女,40,1,2025-07-08,0,0.00,0.00
7391,B,自然搜索,女,33,4,2025-07-10,0,0.00,0.00
7392,A,社交媒体,女,44,2,2025-07-02,0,0.00,0.00
7395,A,信息流广告,男,20,2,2025-06-06,0,0.00,0.00
7396,B,社交媒体,女,28,4,2025-07-11,0,0.00,0.00
7400,B,社交媒体,女,26,2,2025-07-11,0,0.00,0.00
7402,A,信息流广告,女,52,1,2025-07-04,0,0.00,0.00
7404,A,信息流广告,女,58,2,2025-06-06,0,0.00,0.00
7409,B,自然搜索,女,40,1,2025-06-22,0,0.00,0.00
7410,B,短信/邮件营销,女,34,1,2025-07-15,0,0.00,0.00
7411,B,自然搜索,男,26,2,2025-07-29,0,0.00,0.00
7415,A,自然搜索,女,22,1,2025-06-19,0,0.00,0.00
7420,A,信息流广告,女,38,2,2025-07-09,0,0.00,0.00
7422,A,社交媒体,男,20,2,2025-06-19,0,0.00,0.00
7423,A,社交媒体,男,18,3,2025-07-26,0,0.00,0.00
7425,A,社交媒体,男,34,4,2025-07-21,0,0.00,0.00
7429,B,自然搜索,男,21,3,2025-06-18,0,0.00,0.00
7430,B,自然搜索,男,18,4,2025-06-17,0,0.00,0.00
7434,A,自然搜索,女,30,3,2025-06-02,0,0.00,0.00
7437,B,直接访问,女,56,1,2025-07-12,1,101.00,0.00
7445,B,社交媒体,女,29,1,2025-06-05,0,0.00,0.00
7448,A,信息流广告,男,18,2,2025-07-11,0,0.00,0.00
7451,B,自然搜索,女,28,1,2025-06-15,0,0.00,0.00
7455,A,信息流广告,女,33,2,2025-06-30,1,92.00,0.00
7461,A,直接访问,男,25,3,2025-07-14,0,0.00,0.00
7462,B,信息流广告,女,45,1,2025-06-02,0,0.00,0.00
7466,A,自然搜索,女,50,1,2025-07-19,0,0.00,0.00
7473,A,短信/邮件营销,男,31,1,2025-07-31,0,0.00,0.00
7474,B,自然搜索,女,61,2,2025-06-09,0,0.00,0.00
7475,A,信息流广告,女,20,3,2025-07-04,0,0.00,0.00
7484,A,信息流广告,男,40,2,2025-07-26,0,0.00,0.00
7493,B,直接访问,女,38,2,2025-07-06,0,0.00,0.00
7494,A,自然搜索,男,59,1,2025-07-30,0,0.00,0.00
7496,B,直接访问,女,43,3,2025-07-29,1,142.00,0.00
7498,A,短信/邮件营销,女,45,3,2025-06-03,0,0.00,0.00
7502,A,自然搜索,男,59,4,2025-06-12,0,0.00,0.00
7503,B,信息流广告,男,28,1,2025-07-04,0,0.00,0.00
7512,B,自然搜索,女,30,3,2025-06-20,0,0.00,0.00
7514,A,信息流广告,女,29,4,2025-06-15,0,0.00,0.00
7518,A,自然搜索,女,46,2,2025-07-04,0,0.00,0.00
7524,B,信息流广告,女,36,3,2025-06-23,0,0.00,0.00
7529,A,短信/邮件营销,女,28,3,2025-06-08,0,0.00,0.00
7530,B,短信/邮件营销,女,36,3,2025-06-22,0,0.00,0.00
7532,A,自然搜索,男,24,3,2025-07-03,0,0.00,0.00
7535,A,社交媒体,男,48,2,2025-07-07,1,56.00,0.00
7542,A,信息流广告,男,29,4,2025-06-03,0,0.00,0.00
7547,A,信息流广告,女,56,2,2025-07-07,0,0.00,0.00
7548,A,社交媒体,女,52,3,2025-07-05,0,0.00,0.00
7549,B,信息流广告,女,22,2,2025-07-08,0,0.00,0.00
7555,A,短信/邮件营销,女,18,2,2025-06-14,0,0.00,0.00
7559,B,短信/邮件营销,女,50,1,2025-06-08,0,0.00,0.00
7565,B,信息流广告,女,22,2,2025-07-28,0,0.00,0.00
7566,A,信息流广告,女,42,3,2025-06-25,0,0.00,0.00
7568,A,社交媒体,女,56,2,2025-07-17,0,0.00,0.00
7570,B,社交媒体,女,52,2,2025-07-16,0,0.00,0.00
7572,A,自然搜索,男,35,2,2025-07-15,0,0.00,0.00
7575,B,信息流广告,女,18,2,2025-06-02,0,0.00,0.00
7578,B,信息流广告,男,52,3,2025-07-09,0,0.00,0.00
7581,A,社交媒体,女,58,2,2025-07-01,0,0.00,0.00
7584,B,短信/邮件营销,男,41,2,2025-07-03,0,0.00,0.00
7592,A,信息流广告,男,30,3,2025-06-08,0,0.00,0.00
7597,A,社交媒体,女,46,3,2025-07-08,0,0.00,0.00
7599,B,短信/邮件营销,男,22,2,2025-06-03,0,0.00,0.00
7600,A,自然搜索,男,57,2,2025-07-03,0,0.00,0.00
7601,A,社交媒体,男,54,2,2025-06-23,0,0.00,0.00
7605,A,自然搜索,男,54,4,2025-06-26,0,0.00,0.00
7607,A,信息流广告,女,18,2,2025-07-29,0,0.00,0.00
7610,B,自然搜索,男,33,2,2025-06-03,0,0.00,0.00
7612,A,自然搜索,女,34,4,2025-06-27,0,0.00,0.00
7621,A,直接访问,女,41,2,2025-06-23,0,0.00,0.00
7632,B,信息流广告,女,29,4,2025-07-24,0,0.00,0.00
7635,A,直接访问,女,18,2,2025-06-22,0,0.00,0.00
7638,A,直接访问,女,26,3,2025-07-13,0,0.00,0.00
7639,A,自然搜索,女,41,4,2025-06-24,0,0.00,0.00
7644,B,社交媒体,女,51,2,2025-07-02,0,0.00,0.00
7646,B,信息流广告,男,29,3,2025-07-16,0,0.00,0.00
7648,B,短信/邮件营销,女,23,4,2025-06-04,0,0.00,0.00
7658,B,社交媒体,女,27,1,2025-07-06,0,0.00,0.00
7659,B,短信/邮件营销,男,43,1,2025-07-03,0,0.00,0.00
7661,B,短信/邮件营销,女,20,2,2025-06-10,0,0.00,0.00
7662,A,社交媒体,女,21,1,2025-06-04,0,0.00,0.00
7667,A,自然搜索,男,22,1,2025-07-18,0,0.00,0.00
7668,A,信息流广告,男,30,3,2025-07-09,0,0.00,0.00
7674,B,直接访问,男,34,1,2025-06-19,0,0.00,0.00
7676,B,短信/邮件营销,女,34,1,2025-07-06,0,0.00,0.00
7682,A,自然搜索,女,33,2,2025-07-19,0,0.00,0.00
7683,A,直接访问,男,28,1,2025-07-10,0,0.00,0.00
7688,A,自然搜索,男,33,3,2025-07-03,0,0.00,0.00
7691,B,信息流广告,女,20,3,2025-07-16,0,0.00,0.00
7692,A,直接访问,女,36,2,2025-07-01,0,0.00,0.00
7693,B,直接访问,女,32,3,2025-07-09,0,0.00,0.00
7694,A,直接访问,男,28,2,2025-06-29,0,0.00,0.00
7695,A,直接访问,女,42,2,2025-07-03,1,5656.00,0.00
7696,A,直接访问,男,26,3,2025-06-13,0,0.00,0.00
7697,A,短信/邮件营销,女,32,3,2025-07-16,0,0.00,0.00
7701,A,信息流广告,男,33,3,2025-06-10,0,0.00,0.00
7712,B,信息流广告,女,54,2,2025-07-09,0,0.00,0.00
7713,B,社交媒体,女,34,4,2025-07-10,0,0.00,0.00
7719,B,直接访问,女,33,2,2025-07-26,0,0.00,0.00
7720,B,自然搜索,男,30,2,2025-06-16,0,0.00,0.00
7722,A,自然搜索,男,29,3,2025-07-01,0,0.00,0.00
7724,A,短信/邮件营销,女,36,3,2025-06-10,0,0.00,0.00
7726,A,信息流广告,男,20,1,2025-06-04,0,0.00,0.00
7727,A,信息流广告,男,25,2,2025-07-29,0,0.00,0.00
7729,A,社交媒体,男,22,4,2025-06-08,0,0.00,0.00
7731,A,直接访问,男,43,1,2025-07-02,0,0.00,0.00
7733,B,自然搜索,男,51,3,2025-06-30,0,0.00,0.00
7734,B,自然搜索,女,23,3,2025-06-11,0,0.00,0.00
7742,B,短信/邮件营销,女,27,4,2025-07-17,0,0.00,0.00
7744,A,信息流广告,女,19,3,2025-07-05,0,0.00,0.00
7746,B,自然搜索,女,22,1,2025-07-06,0,0.00,0.00
7749,B,自然搜索,女,28,4,2025-06-17,0,0.00,0.00
7750,B,直接访问,女,36,1,2025-07-01,0,0.00,0.00
7751,A,信息流广告,女,50,2,2025-06-03,1,212.00,0.00
7754,A,社交媒体,男,43,2,2025-06-22,0,0.00,0.00
7756,A,信息流广告,女,31,3,2025-06-17,0,0.00,0.00
7757,B,社交媒体,男,32,1,2025-06-14,0,0.00,0.00
7762,A,短信/邮件营销,男,22,2,2025-07-27,1,270.00,0.00
7765,A,信息流广告,男,29,1,2025-07-15,1,42.00,0.00
7767,A,自然搜索,女,28,1,2025-07-27,0,0.00,0.00
7768,A,短信/邮件营销,女,21,2,2025-06-22,0,0.00,0.00
7774,B,信息流广告,女,57,3,2025-06-21,0,0.00,0.00
7779,A,社交媒体,女,29,2,2025-06-10,0,0.00,0.00
7784,B,直接访问,女,41,3,2025-06-09,0,0.00,0.00
7792,A,自然搜索,女,23,1,2025-06-24,0,0.00,0.00
7794,A,直接访问,男,51,3,2025-07-21,0,0.00,0.00
7795,B,信息流广告,男,30,4,2025-07-17,1,54.33,18.67
7798,B,信息流广告,男,55,1,2025-06-27,0,0.00,0.00
7799,B,直接访问,男,30,1,2025-07-14,0,0.00,0.00
7800,B,自然搜索,男,53,1,2025-06-04,0,0.00,0.00
7804,B,自然搜索,男,35,2,2025-07-27,0,0.00,0.00
7805,A,自然搜索,女,21,2,2025-07-25,0,0.00,0.00
7810,A,短信/邮件营销,男,24,1,2025-07-30,0,0.00,0.00
7815,A,信息流广告,女,22,1,2025-07-18,0,0.00,0.00
7816,A,自然搜索,男,31,3,2025-07-16,1,2152.00,0.00
7817,B,自然搜索,男,36,3,2025-06-08,0,0.00,0.00
7818,A,社交媒体,男,19,2,2025-06-09,0,0.00,0.00
7819,B,信息流广告,男,33,3,2025-06-29,0,0.00,0.00
7822,A,直接访问,女,57,2,2025-07-27,0,0.00,0.00
7824,B,信息流广告,女,19,1,2025-07-29,0,0.00,0.00
7825,A,自然搜索,女,54,2,2025-07-06,0,0.00,0.00
7829,B,信息流广告,女,31,3,2025-06-10,0,0.00,0.00
7830,B,信息流广告,女,33,1,2025-07-05,0,0.00,0.00
7838,A,社交媒体,女,41,4,2025-06-20,0,0.00,0.00
7848,B,信息流广告,男,38,1,2025-06-29,0,0.00,0.00
7852,A,自然搜索,女,44,3,2025-06-19,0,0.00,0.00
7854,A,信息流广告,男,21,2,2025-07-29,0,0.00,0.00
7858,A,短信/邮件营销,男,52,2,2025-07-11,0,0.00,0.00
7861,A,信息流广告,女,26,1,2025-06-18,0,0.00,0.00
7866,B,自然搜索,男,35,2,2025-07-23,0,0.00,0.00
7868,B,直接访问,男,47,2,2025-06-19,0,0.00,0.00
7870,A,直接访问,男,22,4,2025-07-27,0,0.00,0.00
7871,B,直接访问,女,34,4,2025-07-28,0,0.00,0.00
7872,A,信息流广告,女,28,1,2025-07-06,0,0.00,0.00
7873,A,直接访问,女,25,1,2025-06-25,0,0.00,0.00
7875,B,社交媒体,男,39,2,2025-06-02,0,0.00,0.00
7878,B,自然搜索,女,30,4,2025-07-17,0,0.00,0.00
7879,B,信息流广告,女,30,3,2025-07-17,0,0.00,0.00
7881,B,自然搜索,女,34,1,2025-07-06,0,0.00,0.00
7887,A,社交媒体,女,30,2,2025-06-19,0,0.00,0.00
7890,A,信息流广告,男,33,2,2025-07-15,0,0.00,0.00
7891,A,短信/邮件营销,女,21,2,2025-06-27,0,0.00,0.00
7892,B,自然搜索,女,38,2,2025-07-15,0,0.00,0.00
7893,B,信息流广告,女,23,1,2025-07-09,0,0.00,0.00
7894,A,自然搜索,男,28,1,2025-07-12,0,0.00,0.00
7896,A,直接访问,男,26,2,2025-07-29,0,0.00,0.00
7897,A,短信/邮件营销,女,46,2,2025-06-28,0,0.00,0.00
7903,A,自然搜索,男,27,1,2025-07-05,0,0.00,0.00
7904,A,信息流广告,男,35,3,2025-06-22,0,0.00,0.00
7907,A,信息流广告,男,25,2,2025-07-19,0,0.00,0.00
7909,A,自然搜索,女,28,3,2025-06-06,0,0.00,0.00
7910,B,直接访问,男,36,3,2025-06-11,0,0.00,0.00
7913,A,信息流广告,女,25,2,2025-07-30,0,0.00,0.00
7916,A,信息流广告,男,29,4,2025-07-22,0,0.00,0.00
7917,B,自然搜索,女,30,2,2025-06-12,0,0.00,0.00
7919,A,自然搜索,女,39,4,2025-07-01,0,0.00,0.00
7926,B,自然搜索,女,26,2,2025-07-19,0,0.00,0.00
7935,A,自然搜索,男,30,1,2025-06-17,0,0.00,0.00
7936,B,信息流广告,女,22,2,2025-07-27,0,0.00,0.00
7937,B,信息流广告,男,29,1,2025-06-03,0,0.00,0.00
7938,B,自然搜索,男,57,4,2025-07-30,0,0.00,0.00
7939,A,短信/邮件营销,女,38,1,2025-07-15,0,0.00,0.00
7940,B,短信/邮件营销,女,29,3,2025-07-06,0,0.00,0.00
7941,A,短信/邮件营销,女,29,2,2025-07-17,0,0.00,0.00
7942,B,自然搜索,男,20,2,2025-06-09,0,0.00,0.00
7946,A,短信/邮件营销,男,49,4,2025-06-29,0,0.00,0.00
7947,B,自然搜索,女,29,2,2025-06-24,0,0.00,0.00
7950,B,社交媒体,女,49,3,2025-06-20,0,0.00,0.00
7951,B,信息流广告,女,31,2,2025-06-13,0,0.00,0.00
7954,A,社交媒体,男,29,4,2025-07-04,0,0.00,0.00
7960,A,自然搜索,女,26,4,2025-07-10,0,0.00,0.00
7963,B,社交媒体,女,31,2,2025-07-21,0,0.00,0.00
7964,A,自然搜索,男,30,1,2025-06-22,0,0.00,0.00
7967,B,短信/邮件营销,女,53,2,2025-07-19,0,0.00,0.00
7968,A,信息流广告,女,33,4,2025-06-18,0,0.00,0.00
7971,A,自然搜索,男,19,1,2025-06-15,0,0.00,0.00
7976,A,直接访问,女,38,3,2025-06-21,0,0.00,0.00
7981,A,信息流广告,男,38,2,2025-06-30,0,0.00,0.00
7982,A,社交媒体,女,42,2,2025-06-30,0,0.00,0.00
7983,A,社交媒体,女,27,1,2025-06-14,0,0.00,0.00
7984,B,自然搜索,男,42,2,2025-06-29,0,0.00,0.00
7985,B,短信/邮件营销,女,45,1,2025-06-25,0,0.00,0.00
7987,A,直接访问,男,20,4,2025-07-24,0,0.00,0.00
7988,B,自然搜索,女,36,1,2025-07-01,0,0.00,0.00
7989,A,直接访问,女,59,1,2025-06-08,0,0.00,0.00
7993,B,自然搜索,女,52,1,2025-07-20,0,0.00,0.00
8000,B,直接访问,女,42,4,2025-06-29,0,0.00,0.00
8004,A,信息流广告,女,34,2,2025-07-02,0,0.00,0.00
8006,B,社交媒体,女,31,3,2025-06-24,1,280.48,16.52
8009,A,自然搜索,女,29,1,2025-07-08,0,0.00,0.00
8017,A,社交媒体,男,51,2,2025-06-03,0,0.00,0.00
8020,B,自然搜索,女,30,4,2025-07-22,1,52.00,0.00
8021,A,信息流广告,女,40,2,2025-06-23,1,106.00,0.00
8023,A,信息流广告,男,31,4,2025-07-13,0,0.00,0.00
8024,A,自然搜索,女,25,3,2025-06-12,0,0.00,0.00
8025,B,自然搜索,男,27,2,2025-07-11,0,0.00,0.00
8026,B,自然搜索,男,18,1,2025-07-12,0,0.00,0.00
8029,A,自然搜索,女,28,3,2025-06-28,0,0.00,0.00
8030,B,自然搜索,男,31,2,2025-07-22,0,0.00,0.00
8031,A,直接访问,女,31,2,2025-07-11,0,0.00,0.00
8032,A,自然搜索,女,20,3,2025-07-05,0,0.00,0.00
8035,B,社交媒体,女,40,1,2025-07-24,0,0.00,0.00
8039,A,自然搜索,男,25,1,2025-07-30,0,0.00,0.00
8040,A,社交媒体,女,49,4,2025-06-05,0,0.00,0.00
8041,A,直接访问,女,44,2,2025-07-27,0,0.00,0.00
8043,B,自然搜索,女,40,1,2025-06-20,0,0.00,0.00
8048,B,自然搜索,男,41,4,2025-07-20,0,0.00,0.00
8049,B,直接访问,女,42,2,2025-07-22,0,0.00,0.00
8054,B,信息流广告,男,32,2,2025-06-13,0,0.00,0.00
8055,A,直接访问,女,37,2,2025-07-07,0,0.00,0.00
8056,A,信息流广告,男,30,2,2025-06-29,1,1464.00,0.00
8058,B,信息流广告,男,32,3,2025-07-04,0,0.00,0.00
8060,B,社交媒体,女,31,3,2025-07-30,0,0.00,0.00
8061,B,直接访问,女,60,3,2025-07-30,1,90.76,15.24
8062,A,信息流广告,女,38,2,2025-07-14,0,0.00,0.00
8072,B,自然搜索,女,41,2,2025-06-14,1,711.88,18.12
8079,B,直接访问,男,29,1,2025-06-08,0,0.00,0.00
8080,B,自然搜索,女,32,2,2025-06-19,0,0.00,0.00
8082,B,自然搜索,男,20,3,2025-07-13,0,0.00,0.00
8085,B,自然搜索,男,31,1,2025-06-02,0,0.00,0.00
8087,A,社交媒体,男,55,4,2025-07-27,0,0.00,0.00
8092,A,信息流广告,女,36,2,2025-07-14,0,0.00,0.00
8093,B,信息流广告,女,49,1,2025-07-29,0,0.00,0.00
8098,A,自然搜索,男,27,4,2025-06-08,0,0.00,0.00
8099,B,短信/邮件营销,男,28,4,2025-06-08,0,0.00,0.00
8100,A,信息流广告,女,25,4,2025-06-15,0,0.00,0.00
8105,A,自然搜索,男,58,2,2025-06-26,0,0.00,0.00
8106,A,短信/邮件营销,女,61,2,2025-07-23,0,0.00,0.00
8107,B,社交媒体,男,26,4,2025-06-07,0,0.00,0.00
8110,A,自然搜索,女,27,2,2025-06-17,0,0.00,0.00
8111,B,自然搜索,女,57,4,2025-06-19,0,0.00,0.00
8112,B,自然搜索,女,20,2,2025-06-24,0,0.00,0.00
8114,A,自然搜索,女,28,1,2025-06-28,0,0.00,0.00
8115,B,自然搜索,男,22,2,2025-06-22,0,0.00,0.00
8119,A,短信/邮件营销,女,25,2,2025-07-10,0,0.00,0.00
8122,B,社交媒体,女,36,1,2025-07-08,0,0.00,0.00
8128,A,社交媒体,男,30,1,2025-07-29,0,0.00,0.00
8133,B,自然搜索,女,18,1,2025-06-06,1,56.84,9.16
8134,A,信息流广告,女,37,4,2025-06-07,0,0.00,0.00
8145,A,短信/邮件营销,男,31,1,2025-06-18,0,0.00,0.00
8150,B,自然搜索,女,34,2,2025-07-22,0,0.00,0.00
8153,A,信息流广告,女,21,3,2025-06-26,0,0.00,0.00
8156,B,社交媒体,女,21,2,2025-07-20,0,0.00,0.00
8157,A,自然搜索,男,29,4,2025-06-02,0,0.00,0.00
8160,A,社交媒体,男,41,2,2025-06-21,1,18.00,0.00
8167,A,社交媒体,男,48,1,2025-07-23,0,0.00,0.00
8169,A,自然搜索,男,59,3,2025-06-08,0,0.00,0.00
8170,B,信息流广告,男,27,3,2025-07-17,0,0.00,0.00
8171,A,自然搜索,男,47,2,2025-06-27,0,0.00,0.00
8172,B,自然搜索,女,33,2,2025-06-09,0,0.00,0.00
8174,B,短信/邮件营销,男,18,3,2025-07-27,0,0.00,0.00
8175,B,自然搜索,女,39,2,2025-07-11,0,0.00,0.00
8177,B,自然搜索,男,26,4,2025-07-03,0,0.00,0.00
8178,A,社交媒体,女,33,3,2025-07-17,0,0.00,0.00
8180,B,社交媒体,女,23,4,2025-07-08,0,0.00,0.00
8181,B,短信/邮件营销,男,48,3,2025-07-26,1,72.00,0.00
8183,A,短信/邮件营销,女,19,3,2025-06-12,0,0.00,0.00
8188,A,自然搜索,男,32,2,2025-07-10,0,0.00,0.00
8192,B,自然搜索,女,35,1,2025-06-13,0,0.00,0.00
8195,A,短信/邮件营销,女,27,4,2025-06-24,0,0.00,0.00
8197,B,直接访问,男,20,4,2025-07-20,0,0.00,0.00
8199,A,自然搜索,女,30,1,2025-07-10,0,0.00,0.00
8206,B,短信/邮件营销,女,60,2,2025-07-06,0,0.00,0.00
8207,B,自然搜索,女,53,2,2025-06-12,0,0.00,0.00
8212,A,直接访问,女,21,1,2025-06-02,0,0.00,0.00
8214,A,短信/邮件营销,男,20,1,2025-07-27,0,0.00,0.00
8215,A,信息流广告,男,20,2,2025-06-26,1,346.00,0.00
8216,B,社交媒体,女,51,2,2025-07-15,0,0.00,0.00
8217,B,信息流广告,男,57,4,2025-07-18,0,0.00,0.00
8220,A,社交媒体,女,24,1,2025-07-25,0,0.00,0.00
8226,A,信息流广告,女,38,3,2025-06-17,0,0.00,0.00
8228,A,社交媒体,女,37,1,2025-07-06,0,0.00,0.00
8239,B,自然搜索,男,22,3,2025-06-25,0,0.00,0.00
8240,A,社交媒体,女,31,2,2025-06-16,0,0.00,0.00
8246,B,直接访问,男,33,1,2025-06-19,1,80.92,13.08
8249,B,信息流广告,男,59,1,2025-06-16,0,0.00,0.00
8250,A,社交媒体,女,23,4,2025-06-18,0,0.00,0.00
8251,A,信息流广告,男,18,3,2025-06-02,0,0.00,0.00
8255,B,社交媒体,男,35,2,2025-06-19,1,178.26,10.74
8256,A,短信/邮件营销,男,22,3,2025-07-31,0,0.00,0.00
8258,B,直接访问,女,31,4,2025-07-25,0,0.00,0.00
8270,A,社交媒体,男,40,1,2025-07-26,0,0.00,0.00
8275,A,信息流广告,男,25,1,2025-07-16,0,0.00,0.00
8276,B,短信/邮件营销,女,43,2,2025-06-06,0,0.00,0.00
8277,B,短信/邮件营销,女,19,2,2025-06-04,0,0.00,0.00
8279,B,社交媒体,女,43,2,2025-07-10,0,0.00,0.00
8280,B,自然搜索,男,25,3,2025-06-11,0,0.00,0.00
8285,A,社交媒体,女,24,2,2025-06-05,0,0.00,0.00
8286,B,短信/邮件营销,女,34,1,2025-06-16,0,0.00,0.00
8294,B,自然搜索,女,50,3,2025-07-18,0,0.00,0.00
8295,B,自然搜索,女,26,1,2025-06-09,0,0.00,0.00
8298,A,信息流广告,女,31,4,2025-06-09,0,0.00,0.00
8301,A,信息流广告,女,21,1,2025-06-29,0,0.00,0.00
8305,B,社交媒体,男,47,4,2025-07-13,0,0.00,0.00
8307,A,短信/邮件营销,女,35,2,2025-07-30,0,0.00,0.00
8312,A,社交媒体,女,55,3,2025-06-04,0,0.00,0.00
8313,B,社交媒体,男,40,1,2025-07-24,0,0.00,0.00
8314,B,直接访问,女,19,1,2025-07-02,0,0.00,0.00
8320,B,短信/邮件营销,女,49,1,2025-07-17,0,0.00,0.00
8321,B,自然搜索,男,26,2,2025-06-03,0,0.00,0.00
8323,A,自然搜索,女,28,3,2025-07-26,0,0.00,0.00
8325,A,自然搜索,女,37,2,2025-06-09,0,0.00,0.00
8326,B,信息流广告,女,21,3,2025-06-11,0,0.00,0.00
8327,B,信息流广告,女,21,2,2025-06-24,0,0.00,0.00
8329,A,社交媒体,男,19,4,2025-07-19,0,0.00,0.00
8336,B,自然搜索,男,29,4,2025-07-19,1,297.00,0.00
8339,A,短信/邮件营销,女,22,3,2025-07-30,0,0.00,0.00
8341,B,信息流广告,男,43,1,2025-07-24,0,0.00,0.00
8342,B,信息流广告,女,37,1,2025-06-12,0,0.00,0.00
8347,A,自然搜索,男,18,1,2025-06-29,0,0.00,0.00
8354,B,短信/邮件营销,女,25,1,2025-07-15,0,0.00,0.00
8356,B,社交媒体,男,25,2,2025-06-05,0,0.00,0.00
8364,B,自然搜索,女,44,1,2025-06-07,0,0.00,0.00
8367,B,短信/邮件营销,男,20,4,2025-07-06,0,0.00,0.00
8368,A,信息流广告,男,37,3,2025-07-17,0,0.00,0.00
8374,A,社交媒体,男,24,2,2025-06-13,0,0.00,0.00
8375,A,信息流广告,男,36,1,2025-07-14,0,0.00,0.00
8379,A,短信/邮件营销,女,20,1,2025-07-01,0,0.00,0.00
8380,A,信息流广告,男,40,3,2025-06-05,0,0.00,0.00
8385,A,信息流广告,男,41,2,2025-07-07,0,0.00,0.00
8388,B,信息流广告,男,23,3,2025-06-24,0,0.00,0.00
8390,B,短信/邮件营销,女,29,1,2025-07-31,0,0.00,0.00
8403,A,自然搜索,女,24,2,2025-07-12,0,0.00,0.00
8408,B,短信/邮件营销,女,34,1,2025-07-15,0,0.00,0.00
8411,B,自然搜索,女,50,1,2025-07-23,0,0.00,0.00
8414,A,自然搜索,男,47,1,2025-06-21,1,36.00,0.00
8417,A,短信/邮件营销,女,45,1,2025-07-13,0,0.00,0.00
8418,A,社交媒体,女,42,4,2025-06-02,0,0.00,0.00
8421,B,短信/邮件营销,女,38,1,2025-06-02,0,0.00,0.00
8423,B,社交媒体,女,60,1,2025-07-29,0,0.00,0.00
8424,A,短信/邮件营销,女,21,1,2025-06-14,0,0.00,0.00
8427,A,信息流广告,男,28,1,2025-06-24,0,0.00,0.00
8434,B,社交媒体,男,24,1,2025-07-11,0,0.00,0.00
8435,A,直接访问,男,30,3,2025-07-14,0,0.00,0.00
8437,A,短信/邮件营销,男,22,3,2025-07-20,1,139.00,0.00
8442,A,社交媒体,女,20,1,2025-07-16,1,58.00,0.00
8443,B,自然搜索,女,38,1,2025-06-07,0,0.00,0.00
8444,A,直接访问,女,40,4,2025-07-03,0,0.00,0.00
8445,A,直接访问,女,58,3,2025-07-13,0,0.00,0.00
8449,B,自然搜索,女,44,1,2025-06-02,0,0.00,0.00
8450,B,信息流广告,男,31,1,2025-07-26,0,0.00,0.00
8451,A,自然搜索,女,52,1,2025-07-12,0,0.00,0.00
8452,B,自然搜索,女,37,4,2025-06-13,0,0.00,0.00
8453,B,信息流广告,女,37,3,2025-06-18,1,89.00,0.00
8454,B,自然搜索,男,35,4,2025-07-06,0,0.00,0.00
8455,A,信息流广告,男,18,2,2025-07-29,0,0.00,0.00
8456,B,短信/邮件营销,男,52,1,2025-07-26,0,0.00,0.00
8457,B,短信/邮件营销,女,51,1,2025-07-31,0,0.00,0.00
8459,A,自然搜索,男,26,3,2025-06-12,0,0.00,0.00
8460,B,社交媒体,女,27,1,2025-06-26,0,0.00,0.00
8461,B,短信/邮件营销,男,43,2,2025-07-03,0,0.00,0.00
8463,B,短信/邮件营销,男,39,1,2025-06-15,0,0.00,0.00
8470,A,自然搜索,男,23,2,2025-06-30,0,0.00,0.00
8474,B,直接访问,女,25,1,2025-06-21,0,0.00,0.00
8478,B,社交媒体,男,36,2,2025-06-23,0,0.00,0.00
8479,B,自然搜索,女,31,1,2025-06-05,0,0.00,0.00
8484,A,自然搜索,男,36,3,2025-06-07,0,0.00,0.00
8489,B,信息流广告,女,34,1,2025-07-14,0,0.00,0.00
8497,B,短信/邮件营销,男,60,1,2025-06-27,0,0.00,0.00
8501,A,自然搜索,男,25,4,2025-06-05,0,0.00,0.00
8506,B,直接访问,女,44,2,2025-06-18,0,0.00,0.00
8509,A,自然搜索,女,35,2,2025-07-11,0,0.00,0.00
8510,A,自然搜索,男,33,3,2025-07-01,0,0.00,0.00
8516,B,自然搜索,男,32,1,2025-07-10,0,0.00,0.00
8520,B,自然搜索,女,28,1,2025-07-10,0,0.00,0.00
8521,A,信息流广告,女,43,1,2025-07-06,0,0.00,0.00
8524,B,自然搜索,女,21,2,2025-06-23,0,0.00,0.00
8525,B,自然搜索,男,32,2,2025-06-05,0,0.00,0.00
8534,B,信息流广告,女,25,3,2025-07-18,0,0.00,0.00
8539,B,短信/邮件营销,女,28,1,2025-07-23,0,0.00,0.00
8540,A,社交媒体,男,32,3,2025-06-25,0,0.00,0.00
8541,A,直接访问,女,34,2,2025-06-04,0,0.00,0.00
8544,B,直接访问,女,20,2,2025-07-01,0,0.00,0.00
8545,A,信息流广告,男,44,2,2025-06-30,0,0.00,0.00
8546,B,信息流广告,男,22,1,2025-07-26,0,0.00,0.00
8549,B,自然搜索,男,39,3,2025-07-11,1,46.00,0.00
8550,A,信息流广告,女,39,4,2025-07-12,0,0.00,0.00
8558,A,短信/邮件营销,男,39,3,2025-07-06,1,160.00,0.00
8561,A,自然搜索,女,49,1,2025-07-14,1,131.00,0.00
8564,B,信息流广告,女,33,2,2025-07-03,0,0.00,0.00
8567,A,直接访问,女,20,3,2025-07-23,0,0.00,0.00
8569,A,直接访问,女,27,1,2025-06-09,0,0.00,0.00
8573,A,信息流广告,男,20,3,2025-07-16,1,131.00,0.00
8579,B,自然搜索,男,41,1,2025-07-16,0,0.00,0.00
8580,A,信息流广告,男,52,2,2025-06-03,0,0.00,0.00
8584,A,社交媒体,男,57,1,2025-07-28,0,0.00,0.00
8592,B,自然搜索,女,42,3,2025-06-12,0,0.00,0.00
8594,A,直接访问,女,35,2,2025-06-17,0,0.00,0.00
8597,A,社交媒体,男,35,1,2025-06-10,0,0.00,0.00
8602,B,信息流广告,男,27,4,2025-06-17,0,0.00,0.00
8607,B,信息流广告,女,41,2,2025-07-22,0,0.00,0.00
8608,B,自然搜索,女,34,3,2025-06-02,0,0.00,0.00
8611,B,自然搜索,女,50,1,2025-06-03,0,0.00,0.00
8616,A,信息流广告,男,32,3,2025-07-26,0,0.00,0.00
8618,A,自然搜索,女,54,3,2025-07-13,0,0.00,0.00
8619,A,自然搜索,女,38,1,2025-07-27,0,0.00,0.00
8620,A,社交媒体,男,25,2,2025-07-13,0,0.00,0.00
8622,B,短信/邮件营销,男,28,3,2025-06-30,0,0.00,0.00
8624,B,社交媒体,女,31,2,2025-07-02,0,0.00,0.00
8626,B,自然搜索,女,40,3,2025-06-11,0,0.00,0.00
8627,A,信息流广告,女,42,1,2025-07-07,0,0.00,0.00
8629,B,自然搜索,男,24,2,2025-06-02,0,0.00,0.00
8632,A,信息流广告,女,24,2,2025-06-25,0,0.00,0.00
8633,B,短信/邮件营销,男,49,3,2025-06-23,0,0.00,0.00
8634,A,信息流广告,女,34,3,2025-07-11,0,0.00,0.00
8638,A,社交媒体,男,22,3,2025-07-12,0,0.00,0.00
8641,B,短信/邮件营销,女,31,4,2025-07-22,0,0.00,0.00
8644,B,信息流广告,女,24,2,2025-07-13,0,0.00,0.00
8645,A,自然搜索,男,46,3,2025-06-29,0,0.00,0.00
8649,A,自然搜索,女,43,3,2025-07-23,0,0.00,0.00
8652,B,自然搜索,女,20,3,2025-07-02,0,0.00,0.00
8657,A,社交媒体,女,36,2,2025-07-26,0,0.00,0.00
8658,B,短信/邮件营销,男,31,2,2025-06-04,1,71.00,0.00
8659,A,短信/邮件营销,男,32,3,2025-06-03,0,0.00,0.00
8661,A,短信/邮件营销,男,34,2,2025-06-12,0,0.00,0.00
8667,A,短信/邮件营销,女,36,1,2025-06-12,0,0.00,0.00
8669,A,社交媒体,男,22,4,2025-07-28,0,0.00,0.00
8672,B,自然搜索,女,25,1,2025-07-06,0,0.00,0.00
8677,B,信息流广告,男,19,2,2025-07-22,0,0.00,0.00
8679,A,信息流广告,女,37,1,2025-06-03,0,0.00,0.00
8683,A,短信/邮件营销,女,26,3,2025-07-04,0,0.00,0.00
8684,A,信息流广告,女,40,4,2025-06-24,0,0.00,0.00
8696,A,短信/邮件营销,男,27,2,2025-07-10,0,0.00,0.00
8705,A,直接访问,女,55,2,2025-07-16,0,0.00,0.00
8706,B,信息流广告,女,34,3,2025-07-17,0,0.00,0.00
8707,A,社交媒体,女,27,2,2025-06-06,0,0.00,0.00
8709,B,社交媒体,女,36,4,2025-06-02,0,0.00,0.00
8710,B,自然搜索,男,34,4,2025-06-13,0,0.00,0.00
8719,B,自然搜索,女,44,1,2025-06-13,0,0.00,0.00
8721,B,信息流广告,男,32,3,2025-07-26,0,0.00,0.00
8722,B,社交媒体,女,21,1,2025-07-10,0,0.00,0.00
8726,A,信息流广告,女,26,2,2025-06-13,0,0.00,0.00
8731,B,自然搜索,男,37,2,2025-06-02,0,0.00,0.00
8733,A,自然搜索,男,44,3,2025-06-26,0,0.00,0.00
8738,B,社交媒体,男,29,2,2025-06-04,1,199.00,0.00
8750,A,自然搜索,女,43,3,2025-06-07,0,0.00,0.00
8751,B,信息流广告,男,40,4,2025-07-17,0,0.00,0.00
8755,B,自然搜索,男,28,4,2025-06-13,0,0.00,0.00
8759,A,自然搜索,女,41,4,2025-06-19,0,0.00,0.00
8760,A,自然搜索,男,52,2,2025-07-30,0,0.00,0.00
8765,A,社交媒体,男,29,3,2025-07-08,0,0.00,0.00
8766,B,自然搜索,男,29,4,2025-06-05,0,0.00,0.00
8769,B,信息流广告,女,28,4,2025-06-11,0,0.00,0.00
8770,A,短信/邮件营销,女,25,4,2025-07-14,0,0.00,0.00
8771,B,自然搜索,女,52,2,2025-07-13,0,0.00,0.00
8772,A,信息流广告,男,43,2,2025-07-28,0,0.00,0.00
8774,A,短信/邮件营销,女,42,2,2025-06-14,0,0.00,0.00
8778,B,自然搜索,男,49,3,2025-07-19,0,0.00,0.00
8779,B,自然搜索,女,20,2,2025-07-13,0,0.00,0.00
8780,A,信息流广告,男,25,4,2025-06-07,0,0.00,0.00
8781,A,自然搜索,女,45,2,2025-07-14,0,0.00,0.00
8782,A,自然搜索,男,48,3,2025-07-31,0,0.00,0.00
8785,B,信息流广告,男,56,2,2025-07-18,0,0.00,0.00
8791,B,短信/邮件营销,女,36,1,2025-06-26,0,0.00,0.00
8792,B,信息流广告,男,28,3,2025-06-21,0,0.00,0.00
8794,A,信息流广告,女,27,3,2025-06-24,0,0.00,0.00
8795,B,信息流广告,女,25,1,2025-07-05,0,0.00,0.00
8796,A,自然搜索,男,19,3,2025-06-16,0,0.00,0.00
8798,B,自然搜索,女,24,1,2025-06-15,0,0.00,0.00
8808,A,信息流广告,女,29,4,2025-07-09,0,0.00,0.00
8809,A,自然搜索,女,23,2,2025-07-02,0,0.00,0.00
8813,B,自然搜索,男,22,1,2025-06-20,0,0.00,0.00
8814,B,短信/邮件营销,女,28,2,2025-07-25,0,0.00,0.00
8815,A,信息流广告,女,20,1,2025-06-22,0,0.00,0.00
8819,A,社交媒体,男,27,3,2025-06-06,0,0.00,0.00
8820,A,信息流广告,女,32,3,2025-07-04,0,0.00,0.00
8824,B,自然搜索,女,45,2,2025-06-24,0,0.00,0.00
8825,A,自然搜索,男,19,2,2025-07-23,0,0.00,0.00
8826,A,信息流广告,女,25,3,2025-06-30,0,0.00,0.00
8827,B,信息流广告,女,47,2,2025-06-26,0,0.00,0.00
8832,B,信息流广告,男,38,2,2025-06-18,0,0.00,0.00
8833,B,社交媒体,男,28,1,2025-06-07,0,0.00,0.00
8836,B,信息流广告,女,52,2,2025-07-21,1,55.36,10.64
8838,A,社交媒体,女,22,2,2025-06-04,0,0.00,0.00
8839,A,社交媒体,女,25,2,2025-06-10,0,0.00,0.00
8844,A,信息流广告,男,18,3,2025-06-08,0,0.00,0.00
8846,A,自然搜索,女,40,3,2025-06-09,0,0.00,0.00
8854,B,社交媒体,女,25,1,2025-07-22,0,0.00,0.00
8859,B,自然搜索,女,18,2,2025-06-28,0,0.00,0.00
8860,B,直接访问,男,29,1,2025-07-06,0,0.00,0.00
8861,A,直接访问,女,44,2,2025-07-26,0,0.00,0.00
8863,A,信息流广告,男,34,3,2025-07-23,0,0.00,0.00
8868,B,社交媒体,女,38,2,2025-06-20,0,0.00,0.00
8873,A,自然搜索,女,45,2,2025-07-13,0,0.00,0.00
8874,B,短信/邮件营销,女,35,3,2025-06-11,0,0.00,0.00
8876,B,社交媒体,女,32,3,2025-06-11,0,0.00,0.00
8878,B,信息流广告,女,50,1,2025-07-21,0,0.00,0.00
8879,A,自然搜索,男,27,2,2025-07-12,0,0.00,0.00
8882,B,短信/邮件营销,女,40,3,2025-07-29,0,0.00,0.00
8884,A,短信/邮件营销,女,44,3,2025-07-15,0,0.00,0.00
8886,B,短信/邮件营销,男,40,1,2025-06-12,0,0.00,0.00
8888,B,信息流广告,男,43,2,2025-06-30,1,106.00,0.00
8896,A,信息流广告,女,27,2,2025-07-28,0,0.00,0.00
8898,A,社交媒体,男,41,3,2025-06-06,0,0.00,0.00
8902,A,自然搜索,男,33,3,2025-07-03,0,0.00,0.00
8904,A,短信/邮件营销,女,43,1,2025-07-19,0,0.00,0.00
8915,A,信息流广告,男,42,1,2025-07-20,0,0.00,0.00
8918,A,自然搜索,女,27,1,2025-07-25,0,0.00,0.00
8922,A,短信/邮件营销,女,28,4,2025-07-24,0,0.00,0.00
8924,A,直接访问,女,36,2,2025-06-08,0,0.00,0.00
8926,B,直接访问,女,18,3,2025-06-25,0,0.00,0.00
8930,A,社交媒体,女,21,1,2025-07-05,0,0.00,0.00
8931,A,信息流广告,女,32,1,2025-06-13,0,0.00,0.00
8933,A,信息流广告,男,31,3,2025-07-07,0,0.00,0.00
8934,B,信息流广告,男,35,1,2025-07-08,0,0.00,0.00
8936,A,短信/邮件营销,女,33,1,2025-07-26,0,0.00,0.00
8937,A,信息流广告,男,39,3,2025-07-11,0,0.00,0.00
8941,B,直接访问,女,39,3,2025-07-01,0,0.00,0.00
8942,A,社交媒体,男,52,3,2025-06-26,0,0.00,0.00
8943,A,直接访问,男,42,2,2025-07-16,0,0.00,0.00
8945,B,信息流广告,男,34,2,2025-07-31,0,0.00,0.00
8947,B,社交媒体,男,30,1,2025-07-17,0,0.00,0.00
8948,B,短信/邮件营销,女,56,1,2025-06-08,0,0.00,0.00
8950,B,信息流广告,男,34,1,2025-07-02,0,0.00,0.00
8952,A,自然搜索,男,20,2,2025-06-20,0,0.00,0.00
8956,A,短信/邮件营销,男,37,3,2025-06-14,1,60.00,0.00
8958,A,自然搜索,男,28,3,2025-07-09,0,0.00,0.00
8960,A,信息流广告,男,57,1,2025-07-05,0,0.00,0.00
8962,B,自然搜索,女,42,3,2025-07-10,0,0.00,0.00
8964,B,自然搜索,女,46,2,2025-06-14,0,0.00,0.00
8973,B,自然搜索,女,30,2,2025-07-04,0,0.00,0.00
8979,A,直接访问,女,18,1,2025-06-21,0,0.00,0.00
8980,A,信息流广告,男,36,4,2025-07-30,0,0.00,0.00
8983,B,信息流广告,女,23,2,2025-07-08,0,0.00,0.00
8984,A,直接访问,男,42,1,2025-07-21,0,0.00,0.00
8988,B,短信/邮件营销,女,25,3,2025-07-18,0,0.00,0.00
8991,B,自然搜索,女,42,1,2025-07-28,0,0.00,0.00
8992,B,信息流广告,女,23,1,2025-06-08,0,0.00,0.00
8993,A,自然搜索,男,19,1,2025-06-07,0,0.00,0.00
8998,A,信息流广告,男,30,1,2025-07-09,0,0.00,0.00
9001,A,短信/邮件营销,男,27,2,2025-07-29,0,0.00,0.00
9004,B,社交媒体,女,54,4,2025-06-18,0,0.00,0.00
9007,B,信息流广告,女,21,3,2025-07-21,0,0.00,0.00
9009,A,信息流广告,女,25,2,2025-07-14,0,0.00,0.00
9013,B,自然搜索,女,44,1,2025-06-07,0,0.00,0.00
9017,B,自然搜索,男,32,3,2025-07-01,0,0.00,0.00
9022,B,短信/邮件营销,女,36,4,2025-07-14,0,0.00,0.00
9025,B,信息流广告,男,55,1,2025-07-08,0,0.00,0.00
9028,B,短信/邮件营销,女,43,1,2025-07-17,0,0.00,0.00
9029,B,信息流广告,女,32,1,2025-06-08,0,0.00,0.00
9035,A,自然搜索,女,27,2,2025-06-12,0,0.00,0.00
9038,A,信息流广告,男,36,3,2025-07-19,1,21.00,0.00
9039,B,自然搜索,女,36,3,2025-07-21,0,0.00,0.00
9041,B,社交媒体,男,31,2,2025-07-27,0,0.00,0.00
9044,B,信息流广告,女,30,3,2025-06-29,0,0.00,0.00
9049,A,短信/邮件营销,女,22,2,2025-06-28,0,0.00,0.00
9050,B,信息流广告,女,33,2,2025-07-03,0,0.00,0.00
9051,A,社交媒体,男,27,4,2025-07-17,0,0.00,0.00
9052,A,自然搜索,女,57,4,2025-06-12,0,0.00,0.00
9053,A,直接访问,女,25,1,2025-07-07,0,0.00,0.00
9054,A,短信/邮件营销,女,49,1,2025-07-21,0,0.00,0.00
9058,B,社交媒体,男,53,2,2025-06-29,0,0.00,0.00
9060,A,社交媒体,女,35,3,2025-06-26,0,0.00,0.00
9061,B,直接访问,女,27,2,2025-07-13,0,0.00,0.00
9069,B,社交媒体,女,26,2,2025-07-24,1,68.43,12.57
9070,B,直接访问,女,23,3,2025-07-05,0,0.00,0.00
9071,B,信息流广告,男,30,1,2025-06-05,0,0.00,0.00
9072,A,直接访问,男,29,1,2025-06-21,0,0.00,0.00
9087,A,信息流广告,男,32,2,2025-06-20,0,0.00,0.00
9091,A,短信/邮件营销,女,42,2,2025-07-08,0,0.00,0.00
9093,A,社交媒体,女,44,2,2025-06-17,0,0.00,0.00
9098,B,自然搜索,女,33,2,2025-07-13,0,0.00,0.00
9100,B,自然搜索,男,32,1,2025-07-16,0,0.00,0.00
9102,A,自然搜索,女,28,3,2025-07-20,0,0.00,0.00
9104,B,社交媒体,男,39,2,2025-06-10,0,0.00,0.00
9106,A,自然搜索,男,22,3,2025-07-18,0,0.00,0.00
9107,B,短信/邮件营销,男,20,3,2025-07-22,0,0.00,0.00
9111,A,自然搜索,女,30,4,2025-06-23,0,0.00,0.00
9112,B,社交媒体,男,39,2,2025-06-21,0,0.00,0.00
9114,B,信息流广告,男,29,3,2025-07-18,1,50.94,9.06
9115,B,社交媒体,男,28,4,2025-06-18,0,0.00,0.00
9117,B,直接访问,女,26,1,2025-06-23,0,0.00,0.00
9118,B,短信/邮件营销,女,31,2,2025-06-09,0,0.00,0.00
9121,B,社交媒体,女,19,2,2025-07-11,0,0.00,0.00
9122,A,自然搜索,女,29,1,2025-06-12,0,0.00,0.00
9125,A,自然搜索,女,50,1,2025-07-15,0,0.00,0.00
9126,B,信息流广告,女,36,1,2025-06-13,0,0.00,0.00
9132,B,自然搜索,女,31,2,2025-07-18,0,0.00,0.00
9133,A,短信/邮件营销,女,31,3,2025-07-06,0,0.00,0.00
9138,A,信息流广告,女,35,1,2025-07-07,0,0.00,0.00
9139,B,信息流广告,女,49,2,2025-06-17,1,90.08,15.92
9145,B,短信/邮件营销,男,24,4,2025-07-18,0,0.00,0.00
9147,B,信息流广告,男,35,3,2025-07-09,0,0.00,0.00
9150,B,自然搜索,男,24,3,2025-06-30,0,0.00,0.00
9152,A,短信/邮件营销,男,25,4,2025-06-25,1,276.00,0.00
9155,B,自然搜索,男,52,2,2025-07-27,0,0.00,0.00
9156,B,自然搜索,女,35,2,2025-07-15,0,0.00,0.00
9157,A,自然搜索,男,30,4,2025-06-06,1,106.00,0.00
9158,A,自然搜索,女,20,2,2025-06-29,0,0.00,0.00
9159,A,社交媒体,女,18,3,2025-06-07,0,0.00,0.00
9161,B,信息流广告,男,27,1,2025-07-02,0,0.00,0.00
9164,A,社交媒体,男,28,2,2025-06-21,0,0.00,0.00
9165,A,自然搜索,男,34,3,2025-06-03,0,0.00,0.00
9167,A,信息流广告,男,19,3,2025-06-16,0,0.00,0.00
9169,B,信息流广告,女,24,1,2025-06-02,0,0.00,0.00
9171,B,信息流广告,女,33,2,2025-07-07,0,0.00,0.00
9174,A,短信/邮件营销,女,33,3,2025-07-29,1,214.00,0.00
9178,B,短信/邮件营销,女,34,3,2025-07-25,0,0.00,0.00
9183,B,社交媒体,女,33,4,2025-07-09,0,0.00,0.00
9191,B,自然搜索,男,19,3,2025-07-30,0,0.00,0.00
9196,A,信息流广告,男,34,2,2025-07-20,0,0.00,0.00
9198,B,社交媒体,男,51,3,2025-06-13,0,0.00,0.00
9201,A,直接访问,男,28,3,2025-06-25,0,0.00,0.00
9203,B,自然搜索,男,34,1,2025-07-02,0,0.00,0.00
9209,A,信息流广告,女,39,1,2025-07-15,0,0.00,0.00
9210,A,直接访问,女,28,1,2025-06-23,0,0.00,0.00
9218,B,自然搜索,男,26,4,2025-06-02,0,0.00,0.00
9220,B,自然搜索,女,24,1,2025-07-17,0,0.00,0.00
9221,B,自然搜索,男,34,2,2025-07-11,0,0.00,0.00
9224,B,社交媒体,女,33,4,2025-07-13,0,0.00,0.00
9225,B,信息流广告,男,47,1,2025-07-13,0,0.00,0.00
9226,B,社交媒体,女,43,3,2025-07-18,0,0.00,0.00
9230,B,自然搜索,女,22,1,2025-06-26,0,0.00,0.00
9232,B,信息流广告,男,31,4,2025-07-28,0,0.00,0.00
9233,A,社交媒体,女,39,3,2025-07-15,0,0.00,0.00
9242,A,直接访问,女,56,4,2025-06-23,0,0.00,0.00
9246,A,自然搜索,女,40,2,2025-06-10,0,0.00,0.00
9247,A,社交媒体,女,49,3,2025-07-10,0,0.00,0.00
9249,A,社交媒体,男,49,2,2025-06-05,0,0.00,0.00
9251,B,短信/邮件营销,男,51,1,2025-06-09,0,0.00,0.00
9256,B,自然搜索,男,42,3,2025-07-05,0,0.00,0.00
9259,B,信息流广告,男,25,2,2025-07-07,0,0.00,0.00
9262,B,直接访问,女,35,4,2025-06-29,0,0.00,0.00
9266,B,短信/邮件营销,女,29,4,2025-06-07,0,0.00,0.00
9267,A,社交媒体,男,21,1,2025-07-28,0,0.00,0.00
9268,A,自然搜索,女,19,2,2025-07-01,0,0.00,0.00
9274,A,直接访问,女,18,2,2025-06-19,0,0.00,0.00
9275,A,短信/邮件营销,男,19,2,2025-06-06,0,0.00,0.00
9284,B,信息流广告,男,25,3,2025-06-18,0,0.00,0.00
9286,B,信息流广告,女,22,2,2025-07-28,0,0.00,0.00
9288,B,短信/邮件营销,女,18,3,2025-07-31,0,0.00,0.00
9289,B,自然搜索,女,35,2,2025-07-11,0,0.00,0.00
9294,B,信息流广告,男,32,3,2025-07-24,0,0.00,0.00
9296,A,短信/邮件营销,男,29,1,2025-07-04,0,0.00,0.00
9297,B,短信/邮件营销,女,28,1,2025-07-16,1,92.00,0.00
9298,A,信息流广告,男,26,1,2025-06-30,0,0.00,0.00
9299,A,自然搜索,男,21,1,2025-07-11,0,0.00,0.00
9307,A,短信/邮件营销,男,43,2,2025-06-29,0,0.00,0.00
9309,A,自然搜索,男,43,4,2025-06-23,1,36.00,0.00
9310,A,短信/邮件营销,男,35,4,2025-06-21,0,0.00,0.00
9311,B,自然搜索,女,25,2,2025-06-26,0,0.00,0.00
9313,A,信息流广告,男,38,2,2025-06-27,0,0.00,0.00
9315,A,社交媒体,女,45,3,2025-06-29,0,0.00,0.00
9316,A,自然搜索,女,43,1,2025-06-27,0,0.00,0.00
9321,A,社交媒体,女,34,1,2025-06-12,0,0.00,0.00
9324,A,信息流广告,男,34,1,2025-06-21,0,0.00,0.00
9326,B,信息流广告,女,18,3,2025-07-28,0,0.00,0.00
9329,A,社交媒体,男,37,1,2025-07-24,0,0.00,0.00
9331,A,社交媒体,女,34,2,2025-07-23,0,0.00,0.00
9332,B,信息流广告,女,23,2,2025-07-08,0,0.00,0.00
9333,A,自然搜索,女,36,2,2025-07-28,0,0.00,0.00
9338,B,短信/邮件营销,男,40,2,2025-07-03,0,0.00,0.00
9339,B,信息流广告,女,40,3,2025-07-22,0,0.00,0.00
9340,B,自然搜索,男,33,2,2025-06-13,0,0.00,0.00
9342,A,社交媒体,女,31,4,2025-06-30,0,0.00,0.00
9343,A,社交媒体,女,52,3,2025-06-10,1,106.00,0.00
9350,A,信息流广告,女,44,1,2025-06-28,0,0.00,0.00
9351,B,自然搜索,女,30,2,2025-07-12,0,0.00,0.00
9352,A,信息流广告,女,34,2,2025-07-02,0,0.00,0.00
9356,B,社交媒体,女,42,4,2025-07-18,0,0.00,0.00
9361,B,自然搜索,女,44,2,2025-07-06,1,170.00,0.00
9363,B,社交媒体,男,31,3,2025-06-21,0,0.00,0.00
9364,A,信息流广告,男,41,3,2025-07-23,0,0.00,0.00
9366,A,自然搜索,女,22,2,2025-07-30,0,0.00,0.00
9368,A,自然搜索,女,28,4,2025-06-20,0,0.00,0.00
9370,A,自然搜索,男,36,1,2025-06-02,0,0.00,0.00
9371,B,社交媒体,男,41,2,2025-07-31,1,28.00,0.00
9372,B,自然搜索,女,49,1,2025-06-06,0,0.00,0.00
9374,B,自然搜索,男,54,3,2025-06-23,0,0.00,0.00
9375,A,社交媒体,女,33,2,2025-06-03,0,0.00,0.00
9376,A,信息流广告,女,28,3,2025-07-24,0,0.00,0.00
9378,B,自然搜索,女,38,2,2025-07-28,0,0.00,0.00
9380,B,信息流广告,女,34,1,2025-06-11,1,1574.00,13.00
9384,A,社交媒体,男,23,4,2025-07-25,0,0.00,0.00
9385,B,信息流广告,男,30,2,2025-06-17,0,0.00,0.00
9387,B,社交媒体,女,27,2,2025-07-16,0,0.00,0.00
9388,A,自然搜索,男,28,4,2025-06-07,0,0.00,0.00
9389,A,直接访问,女,35,4,2025-06-04,0,0.00,0.00
9390,A,自然搜索,女,19,2,2025-06-04,0,0.00,0.00
9391,A,自然搜索,男,38,3,2025-06-06,0,0.00,0.00
9393,A,自然搜索,男,24,3,2025-06-05,0,0.00,0.00
9397,A,短信/邮件营销,女,45,3,2025-07-11,0,0.00,0.00
9400,B,信息流广告,女,41,2,2025-07-27,0,0.00,0.00
9406,B,社交媒体,女,34,1,2025-07-13,0,0.00,0.00
9415,B,信息流广告,男,34,4,2025-06-11,0,0.00,0.00
9422,B,自然搜索,女,28,3,2025-06-26,0,0.00,0.00
9428,B,短信/邮件营销,男,21,1,2025-07-11,0,0.00,0.00
9429,A,信息流广告,女,60,1,2025-06-20,0,0.00,0.00
9431,A,自然搜索,女,30,1,2025-07-23,0,0.00,0.00
9435,A,自然搜索,女,26,1,2025-07-04,0,0.00,0.00
9438,B,社交媒体,女,37,2,2025-06-19,0,0.00,0.00
9439,B,直接访问,女,38,3,2025-06-13,0,0.00,0.00
9440,B,信息流广告,男,33,3,2025-07-01,0,0.00,0.00
9444,A,直接访问,女,26,2,2025-07-29,0,0.00,0.00
9450,A,短信/邮件营销,女,28,3,2025-06-21,0,0.00,0.00
9452,B,自然搜索,男,25,1,2025-07-18,0,0.00,0.00
9454,B,自然搜索,男,31,4,2025-07-23,0,0.00,0.00
9458,A,直接访问,男,43,3,2025-07-30,1,106.00,0.00
9459,B,自然搜索,女,18,2,2025-07-12,0,0.00,0.00
9461,B,自然搜索,男,35,3,2025-06-27,0,0.00,0.00
9463,B,信息流广告,男,32,1,2025-07-03,0,0.00,0.00
9467,B,直接访问,男,34,3,2025-06-19,1,64.02,11.98
9471,B,信息流广告,男,27,4,2025-07-20,0,0.00,0.00
9472,A,短信/邮件营销,女,27,2,2025-06-27,0,0.00,0.00
9477,B,信息流广告,男,38,2,2025-07-25,0,0.00,0.00
9481,A,直接访问,男,42,4,2025-07-13,0,0.00,0.00
9483,B,直接访问,女,54,2,2025-07-23,1,164.35,12.65
9485,A,自然搜索,男,39,1,2025-06-04,0,0.00,0.00
9487,A,信息流广告,女,27,2,2025-06-12,0,0.00,0.00
9488,B,直接访问,女,40,1,2025-06-10,0,0.00,0.00
9489,A,短信/邮件营销,女,26,4,2025-07-05,0,0.00,0.00
9493,A,自然搜索,男,51,4,2025-06-21,0,0.00,0.00
9494,B,自然搜索,女,31,1,2025-06-29,0,0.00,0.00
9495,A,自然搜索,女,21,4,2025-07-17,0,0.00,0.00
9496,B,短信/邮件营销,男,19,4,2025-07-21,1,43.10,10.90
9497,B,自然搜索,女,19,2,2025-06-15,0,0.00,0.00
9503,B,信息流广告,男,37,4,2025-06-18,0,0.00,0.00
9504,A,短信/邮件营销,女,25,1,2025-07-16,0,0.00,0.00
9510,A,社交媒体,男,23,2,2025-07-22,0,0.00,0.00
9516,A,自然搜索,男,52,1,2025-07-21,0,0.00,0.00
9517,A,社交媒体,女,25,4,2025-06-24,0,0.00,0.00
9522,A,社交媒体,男,44,1,2025-06-11,0,0.00,0.00
9525,B,短信/邮件营销,男,35,3,2025-06-22,1,71.98,15.02
9531,B,自然搜索,女,37,1,2025-06-17,0,0.00,0.00
9532,A,短信/邮件营销,女,30,2,2025-06-05,1,55.00,0.00
9537,A,自然搜索,女,42,3,2025-07-24,0,0.00,0.00
9542,A,短信/邮件营销,男,38,3,2025-06-20,0,0.00,0.00
9545,B,信息流广告,男,19,2,2025-06-16,1,160.00,0.00
9548,B,信息流广告,女,32,3,2025-06-25,1,175.00,0.00
9557,B,自然搜索,女,36,2,2025-07-26,0,0.00,0.00
9558,A,自然搜索,女,34,2,2025-06-22,0,0.00,0.00
9561,A,短信/邮件营销,女,37,3,2025-07-29,0,0.00,0.00
9564,A,社交媒体,男,26,3,2025-07-02,0,0.00,0.00
9565,A,自然搜索,男,21,2,2025-07-26,0,0.00,0.00
9567,B,自然搜索,男,22,3,2025-06-10,0,0.00,0.00
9569,B,信息流广告,男,38,2,2025-06-28,0,0.00,0.00
9572,B,短信/邮件营销,男,34,2,2025-07-28,0,0.00,0.00
9576,A,社交媒体,男,18,3,2025-07-19,0,0.00,0.00
9577,A,信息流广告,男,24,3,2025-07-23,0,0.00,0.00
9582,A,信息流广告,男,44,1,2025-06-10,0,0.00,0.00
9588,A,自然搜索,男,25,1,2025-06-23,0,0.00,0.00
9591,A,信息流广告,女,27,3,2025-06-09,0,0.00,0.00
9592,A,信息流广告,男,36,2,2025-07-08,0,0.00,0.00
9593,B,信息流广告,男,48,2,2025-07-15,0,0.00,0.00
9594,B,信息流广告,女,33,2,2025-06-10,1,189.88,13.12
9595,B,自然搜索,男,53,1,2025-06-06,0,0.00,0.00
9606,B,信息流广告,女,18,2,2025-06-12,0,0.00,0.00
9608,B,短信/邮件营销,女,26,1,2025-07-17,0,0.00,0.00
9611,A,社交媒体,男,18,2,2025-07-10,0,0.00,0.00
9612,B,社交媒体,女,28,4,2025-06-19,0,0.00,0.00
9615,B,直接访问,女,47,2,2025-07-30,0,0.00,0.00
9618,B,信息流广告,女,43,2,2025-07-28,0,0.00,0.00
9621,B,信息流广告,女,33,2,2025-06-10,0,0.00,0.00
9622,B,短信/邮件营销,女,22,2,2025-07-26,0,0.00,0.00
9626,B,自然搜索,男,20,1,2025-07-24,0,0.00,0.00
9629,B,短信/邮件营销,女,42,1,2025-07-14,0,0.00,0.00
9631,B,信息流广告,男,35,1,2025-06-27,0,0.00,0.00
9632,B,信息流广告,男,24,2,2025-07-25,0,0.00,0.00
9633,A,短信/邮件营销,男,20,4,2025-06-17,0,0.00,0.00
9636,B,社交媒体,男,20,1,2025-07-19,0,0.00,0.00
9637,A,信息流广告,男,19,2,2025-07-10,0,0.00,0.00
9640,B,社交媒体,女,23,3,2025-06-13,0,0.00,0.00
9645,A,社交媒体,女,34,1,2025-07-29,0,0.00,0.00
9646,A,社交媒体,女,28,1,2025-07-31,0,0.00,0.00
9647,A,信息流广告,男,30,2,2025-07-01,0,0.00,0.00
9650,B,短信/邮件营销,男,39,2,2025-07-11,0,0.00,0.00
9652,B,短信/邮件营销,男,30,3,2025-06-28,1,324.00,10.00
9656,A,信息流广告,女,40,4,2025-06-23,0,0.00,0.00
9662,B,自然搜索,男,20,1,2025-06-18,0,0.00,0.00
9666,A,社交媒体,女,34,2,2025-07-22,0,0.00,0.00
9668,A,自然搜索,男,31,2,2025-06-18,1,223.00,0.00
9670,A,自然搜索,女,26,2,2025-07-22,0,0.00,0.00
9673,B,短信/邮件营销,女,28,3,2025-07-21,0,0.00,0.00
9674,A,自然搜索,女,41,3,2025-07-16,1,76.00,0.00
9678,A,信息流广告,女,59,2,2025-06-16,0,0.00,0.00
9681,B,短信/邮件营销,男,42,2,2025-07-23,0,0.00,0.00
9690,B,直接访问,男,31,4,2025-07-20,0,0.00,0.00
9691,B,直接访问,男,44,2,2025-07-04,0,0.00,0.00
9695,A,信息流广告,男,45,4,2025-07-28,0,0.00,0.00
9698,A,社交媒体,男,37,4,2025-06-06,0,0.00,0.00
9701,B,自然搜索,男,19,1,2025-06-17,0,0.00,0.00
9703,B,短信/邮件营销,女,38,2,2025-07-01,0,0.00,0.00
9704,A,社交媒体,男,26,1,2025-07-13,0,0.00,0.00
9705,A,直接访问,女,33,2,2025-07-21,0,0.00,0.00
9706,A,自然搜索,女,47,3,2025-06-25,0,0.00,0.00
9717,B,信息流广告,男,19,1,2025-06-13,0,0.00,0.00
9719,A,短信/邮件营销,男,55,1,2025-07-28,0,0.00,0.00
9721,B,社交媒体,女,29,2,2025-07-18,0,0.00,0.00
9722,B,信息流广告,男,51,2,2025-07-07,0,0.00,0.00
9727,A,自然搜索,男,32,2,2025-07-29,0,0.00,0.00
9734,A,自然搜索,男,22,1,2025-07-28,0,0.00,0.00
9735,B,自然搜索,女,23,2,2025-07-01,1,80.00,0.00
9739,A,信息流广告,女,41,3,2025-07-09,0,0.00,0.00
9745,A,短信/邮件营销,女,36,2,2025-07-26,0,0.00,0.00
9755,B,自然搜索,男,33,1,2025-07-08,0,0.00,0.00
9757,B,自然搜索,男,31,4,2025-07-02,0,0.00,0.00
9759,B,自然搜索,男,27,4,2025-06-14,0,0.00,0.00
9760,B,社交媒体,男,38,4,2025-07-03,0,0.00,0.00
9762,A,直接访问,女,28,3,2025-06-23,0,0.00,0.00
9763,B,社交媒体,男,23,2,2025-07-18,0,0.00,0.00
9766,A,自然搜索,男,21,3,2025-07-27,0,0.00,0.00
9767,A,自然搜索,女,26,1,2025-07-30,0,0.00,0.00
9774,B,自然搜索,女,41,2,2025-07-08,0,0.00,0.00
9780,B,信息流广告,女,47,3,2025-07-19,0,0.00,0.00
9783,A,自然搜索,女,24,1,2025-06-21,0,0.00,0.00
9784,A,社交媒体,男,27,4,2025-06-14,0,0.00,0.00
9791,A,信息流广告,男,29,4,2025-06-18,0,0.00,0.00
9801,B,直接访问,女,54,2,2025-06-07,0,0.00,0.00
9802,B,短信/邮件营销,男,38,1,2025-07-21,0,0.00,0.00
9808,B,直接访问,男,24,2,2025-06-04,0,0.00,0.00
9810,A,信息流广告,女,56,2,2025-06-10,0,0.00,0.00
9812,A,自然搜索,女,45,1,2025-06-19,0,0.00,0.00
9815,A,社交媒体,男,44,3,2025-07-29,1,136.00,0.00
9819,A,信息流广告,女,55,3,2025-06-05,0,0.00,0.00
9820,B,短信/邮件营销,女,22,1,2025-07-16,0,0.00,0.00
9823,A,信息流广告,男,29,1,2025-07-03,0,0.00,0.00
9826,A,社交媒体,男,25,1,2025-07-28,0,0.00,0.00
9827,A,信息流广告,女,25,1,2025-07-19,1,297.00,0.00
9830,A,社交媒体,女,23,3,2025-06-17,0,0.00,0.00
9832,A,自然搜索,女,26,1,2025-07-26,1,60.00,0.00
9835,A,自然搜索,男,29,1,2025-07-05,0,0.00,0.00
9836,B,直接访问,女,43,2,2025-06-12,0,0.00,0.00
9839,B,自然搜索,男,42,1,2025-07-15,1,412.00,0.00
9840,A,信息流广告,男,32,2,2025-07-14,0,0.00,0.00
9841,B,信息流广告,男,45,2,2025-07-26,0,0.00,0.00
9846,A,社交媒体,男,31,4,2025-07-23,0,0.00,0.00
9847,B,信息流广告,男,31,1,2025-07-20,0,0.00,0.00
9850,B,直接访问,男,51,1,2025-07-20,1,377.95,18.05
9859,B,信息流广告,女,32,2,2025-07-29,0,0.00,0.00
9863,B,社交媒体,男,31,2,2025-06-30,0,0.00,0.00
9867,A,直接访问,女,28,3,2025-07-07,0,0.00,0.00
9869,A,短信/邮件营销,男,28,3,2025-07-03,0,0.00,0.00
9872,B,直接访问,女,24,2,2025-07-25,0,0.00,0.00
9873,A,社交媒体,男,39,3,2025-06-03,0,0.00,0.00
9878,B,直接访问,女,54,3,2025-06-30,0,0.00,0.00
9879,A,社交媒体,女,27,2,2025-06-13,0,0.00,0.00
9880,A,信息流广告,女,28,2,2025-07-28,0,0.00,0.00
9881,A,信息流广告,男,26,1,2025-07-19,1,76.00,0.00
9882,A,社交媒体,男,19,2,2025-06-23,0,0.00,0.00
9884,A,自然搜索,女,40,3,2025-07-08,0,0.00,0.00
9888,B,社交媒体,女,33,2,2025-06-05,0,0.00,0.00
9895,A,信息流广告,女,42,4,2025-07-26,0,0.00,0.00
9902,A,自然搜索,男,34,2,2025-06-15,0,0.00,0.00
9904,B,短信/邮件营销,女,20,2,2025-06-22,0,0.00,0.00
9915,A,社交媒体,女,51,1,2025-06-27,0,0.00,0.00
9918,A,信息流广告,女,33,2,2025-06-08,0,0.00,0.00
9919,B,直接访问,女,52,4,2025-07-18,0,0.00,0.00
9920,B,信息流广告,女,37,3,2025-07-23,0,0.00,0.00
9922,A,直接访问,女,31,1,2025-07-28,0,0.00,0.00
9925,A,短信/邮件营销,男,34,2,2025-06-07,0,0.00,0.00
9930,A,自然搜索,男,24,2,2025-06-21,0,0.00,0.00
9933,B,社交媒体,女,27,1,2025-07-28,0,0.00,0.00
9935,B,信息流广告,女,39,1,2025-07-25,0,0.00,0.00
9937,A,社交媒体,男,24,2,2025-07-04,0,0.00,0.00
9942,A,短信/邮件营销,女,52,1,2025-06-10,0,0.00,0.00
9944,A,直接访问,男,59,3,2025-07-31,0,0.00,0.00
9949,B,直接访问,男,25,2,2025-06-08,0,0.00,0.00
9950,A,直接访问,男,44,2,2025-06-20,0,0.00,0.00
9952,A,短信/邮件营销,男,19,1,2025-06-14,0,0.00,0.00
9958,B,直接访问,男,30,3,2025-07-05,0,0.00,0.00
9959,B,自然搜索,女,38,3,2025-07-19,0,0.00,0.00
9962,B,社交媒体,女,36,4,2025-06-14,0,0.00,0.00
9964,B,社交媒体,男,26,1,2025-07-15,0,0.00,0.00
9965,A,信息流广告,女,20,3,2025-07-11,0,0.00,0.00
9966,A,自然搜索,女,52,1,2025-06-21,0,0.00,0.00
9969,A,信息流广告,女,54,3,2025-07-20,0,0.00,0.00
9971,A,信息流广告,女,39,2,2025-06-22,0,0.00,0.00
9974,A,自然搜索,男,44,4,2025-06-03,0,0.00,0.00
9978,A,社交媒体,男,23,2,2025-06-18,0,0.00,0.00
9979,A,直接访问,男,21,2,2025-06-11,0,0.00,0.00
9985,B,社交媒体,男,22,2,2025-07-28,0,0.00,0.00
9986,A,自然搜索,女,34,1,2025-06-20,0,0.00,0.00
9988,A,自然搜索,女,21,4,2025-07-17,0,0.00,0.00
9989,B,自然搜索,男,37,2,2025-07-21,0,0.00,0.00
9990,B,自然搜索,女,40,3,2025-07-12,0,0.00,0.00
9991,B,直接访问,女,25,2,2025-07-13,0,0.00,0.00
9992,B,自然搜索,男,45,3,2025-07-13,0,0.00,0.00
9996,B,自然搜索,男,56,2,2025-07-12,0,0.00,0.00
9997,B,信息流广告,女,54,3,2025-06-20,0,0.00,0.00
10000,B,自然搜索,男,56,3,2025-06-15,0,0.00,0.00
